DATE,all_const_emp,emratio,gdp,home_ow_rate,house_st,income,IPI_Cement,labor_percent,monthly_supply,mortgage_rate,MSPUS,new_private_house,new_private_hw_under,permit,personal_saving_rate,population,PPI_Cement,PPI_Concrete,target,total_emp_cons,unemployed_rate
1987-01-01,2889.2,244.0,18888.624,255.6,7096.0,15280.8,494.9492,261.6,24.0,36.816,391600.0,23585.578889387718,4360.0,6760.0,37.6,967428.0,400.4,4.745324192013545,254.94,20028.0,26.4
1987-02-01,2896.8,244.4,18888.624,255.6,7136.0,15380.0,492.668,262.0,24.8,36.33,391600.0,22193.27647036468,4384.0,6756.0,32.8,968020.0,403.2,4.745324192013545,256.54,20152.0,26.4
1987-03-01,2911.6,244.8,18888.624,255.6,6904.0,15455.2,490.2824,262.0,24.0,36.14,391600.0,21027.73006097844,4336.0,6816.0,32.4,968664.0,404.8,4.745324192013545,257.88,20156.0,26.4
1987-04-01,2912.4,245.2,19224.64,255.6,6456.0,15501.6,494.138,261.6,24.0,39.33,413600.0,21646.888505708393,4316.0,6404.0,16.4,969352.0,403.2,4.745324192013545,259.892,20212.0,25.2
1987-05-01,2910.4,246.4,19224.64,255.6,6512.0,15634.4,495.3816,262.8,26.8,42.384,413600.0,21314.241180473473,4280.0,6000.0,31.2,970064.0,404.8,4.740049086260709,262.188,20320.0,25.2
1987-06-01,2914.0,245.6,19224.64,255.6,6376.0,15678.8,493.2048,262.0,27.6,42.15,413600.0,20142.681965663665,4240.0,6088.0,29.2,970824.0,404.8,4.740049086260709,264.872,20344.0,24.8
1987-07-01,2928.4,246.4,19538.22,256.4,6300.0,15768.4,509.21000000000004,262.4,26.8,41.112,424000.0,20892.266790387137,4204.0,6064.0,28.4,971632.0,404.4,4.740049086260709,267.144,20368.0,24.4
1987-08-01,2916.8,247.2,19538.22,256.4,6420.0,15914.4,490.5308,262.8,27.2,41.32,424000.0,19978.45999893043,4180.0,6044.0,27.2,972472.0,404.4,4.740049086260709,269.08,20408.0,24.0
1987-09-01,2926.4,246.4,19538.22,256.4,6780.0,15982.4,501.6388,262.0,27.2,43.55,424000.0,19427.920650256176,4192.0,6056.0,28.8,973340.0,404.4,4.740049086260709,270.496,20384.0,23.6
1987-10-01,2965.2,247.2,20031.976,256.4,6060.0,16138.8,509.658,262.8,27.2,45.04,446000.0,19279.618333983293,4164.0,5788.0,31.6,974172.0,404.0,4.740049086260709,271.612,20568.0,24.0
1987-11-01,2971.2,247.6,20031.976,256.4,6624.0,16248.4,509.158,262.8,28.0,42.6,446000.0,19294.43907753597,4168.0,5828.0,32.8,974896.0,403.6,4.740049086260709,272.372,20608.0,23.2
1987-12-01,2974.0,248.0,20031.976,256.4,5600.0,16462.8,498.30719999999997,262.8,30.4,42.56,446000.0,20097.869406781298,4072.0,5380.0,33.6,975580.0,402.4,4.740049086260709,273.376,20720.0,22.8
1988-01-01,2980.0,248.0,20293.488,255.2,5084.0,16512.8,446.9976,263.2,30.0,41.53,440000.0,18939.32607508033,4032.0,4976.0,31.6,976224.0,402.8,4.740049086260709,274.332,20376.0,22.8
1988-02-01,2988.0,248.4,20293.488,255.2,5892.0,16612.0,478.494,263.6,26.4,39.57,440000.0,17414.88749986687,3904.0,5752.0,33.6,976820.0,406.0,4.740049086260709,275.664,20648.0,22.8
1988-03-01,3000.4,247.6,20293.488,255.2,6128.0,16713.2,499.4552,262.8,26.4,39.72,440000.0,19621.02783945259,3976.0,6100.0,32.0,977448.0,404.4,4.763569099124841,277.3,20804.0,22.8
1988-04-01,3016.0,248.8,20760.144,255.2,6292.0,16838.0,492.9548,263.2,25.6,40.808,440000.0,19844.282656534462,3996.0,5716.0,34.8,978112.0,406.4,4.763569099124841,279.156,20908.0,21.6
1988-05-01,3004.8,248.0,20760.144,255.2,5684.0,16903.6,503.53840000000014,262.8,26.4,41.82,440000.0,17896.03392463701,3948.0,5776.0,33.2,978832.0,409.2,4.763569099124841,281.63599999999997,20912.0,22.4
1988-06-01,3028.0,249.2,20760.144,255.2,5912.0,17035.6,507.1708,263.2,24.8,41.84,440000.0,18320.8446102846,3920.0,5940.0,33.6,979656.0,406.8,4.763569099124841,284.272,21044.0,21.6
1988-07-01,2988.4,249.2,21131.34,255.2,5868.0,17195.2,483.5556,263.6,26.4,41.728,460000.0,18541.294048418007,3884.0,5756.0,34.4,980524.0,406.0,4.765289325054021,286.744,21080.0,21.6
1988-08-01,2978.0,249.6,21131.34,255.2,5972.0,17292.0,479.692,264.4,26.4,42.39,460000.0,18895.0231085802,3868.0,5840.0,33.6,981408.0,405.6,4.760119667211949,288.74,21072.0,22.4
1988-09-01,2962.0,249.6,21131.34,255.2,5968.0,17410.0,484.9888,263.6,26.0,41.92,460000.0,18600.162825149488,3832.0,5744.0,35.2,982316.0,403.6,4.764429585171344,290.296,21080.0,21.6
1988-10-01,2931.2,250.0,21598.036,255.2,6088.0,17564.4,483.9096,264.0,24.0,41.21,455600.0,18570.724118778933,3812.0,6064.0,34.4,983156.0,402.8,4.764429585171344,291.288,21048.0,21.6
1988-11-01,2926.8,250.8,21598.036,255.2,6276.0,17610.0,485.4636,264.8,28.8,41.06,455600.0,16791.60921453968,3840.0,6032.0,33.6,983880.0,402.4,4.767006571518325,292.26,21092.0,21.2
1988-12-01,2921.6,250.4,21598.036,255.2,6252.0,17754.4,508.082,264.4,27.2,42.448,455600.0,18835.982410950684,3820.0,6004.0,33.2,984560.0,402.4,4.767006571518325,293.116,21108.0,21.2
1989-01-01,2939.6,251.6,22045.012,256.0,6484.0,18006.0,530.7132,266.0,24.8,42.92,472000.0,19042.77431447771,3820.0,5864.0,34.0,985204.0,402.8,4.767006571518325,294.468,21156.0,21.6
1989-02-01,2887.6,251.6,22045.012,256.0,5700.0,18118.4,459.43,265.2,30.0,42.58,472000.0,19576.433213157467,3788.0,5532.0,35.6,985816.0,400.8,4.780638512895756,295.872,21112.0,20.8
1989-03-01,2828.4,251.6,22045.012,256.0,5688.0,18280.8,463.6036,265.2,32.8,44.128,472000.0,17298.612177001884,3760.0,4856.0,37.6,986504.0,400.8,4.78654405820332,297.64,21040.0,20.0
1989-04-01,2831.6,251.6,22449.852,255.6,5356.0,18330.0,477.818,265.6,29.6,44.2,475600.0,18762.229720297306,3688.0,5504.0,33.2,987256.0,404.8,4.852438375595011,299.472,21180.0,20.8
1989-05-01,2837.2,251.6,22449.852,255.6,5324.0,18317.6,472.6716,265.2,28.4,43.09,475600.0,17400.345225089106,3652.0,5524.0,32.0,988040.0,404.8,4.852438375595011,301.184,21196.0,20.8
1989-06-01,2826.4,252.0,22449.852,255.6,5588.0,18408.8,469.952,266.0,28.8,40.784,475600.0,15914.713679196897,3652.0,5288.0,32.4,988912.0,404.8,4.852438375595011,302.784,21192.0,21.2
1989-07-01,2835.6,252.0,22781.46,255.6,5708.0,18514.0,471.888,266.0,24.4,39.53,480000.0,16488.751359998387,3672.0,5132.0,32.4,989832.0,404.8,4.852438375595011,304.168,21268.0,20.8
1989-08-01,2866.4,252.4,22781.46,255.6,5328.0,18556.4,495.3588,266.0,25.6,39.94,480000.0,17109.972307240103,3604.0,5336.0,30.0,990780.0,403.6,4.852438375595011,305.092,21320.0,20.8
1989-09-01,2840.4,251.2,22781.46,255.6,5116.0,18649.2,483.0304,265.6,28.4,40.504,480000.0,15800.357591398759,3580.0,5256.0,31.6,991768.0,406.4,4.852438375595011,305.688,21292.0,21.2
1989-10-01,2830.0,251.6,22988.948,254.8,5640.0,18812.0,496.4904,266.0,27.6,39.79,499200.0,15728.962168928765,3588.0,5460.0,33.6,992696.0,406.8,4.852438375595011,305.956,21388.0,21.2
1989-11-01,2832.4,252.0,22988.948,254.8,5404.0,18872.4,502.076,266.4,26.4,39.07,499200.0,17779.170248654165,3528.0,5376.0,34.0,993520.0,406.4,4.852438375595011,306.08799999999997,21456.0,21.6
1989-12-01,2822.8,252.0,22988.948,254.8,5004.0,18942.8,459.7272,266.0,28.0,38.976,499200.0,15316.047585945764,3540.0,5688.0,30.8,994276.0,406.8,4.852438375595011,305.992,21236.0,21.6
1990-01-01,2841.2,252.8,23490.804,256.4,6204.0,19135.2,552.5452,267.2,28.0,39.58,495600.0,18262.1406497762,3564.0,6992.0,31.6,994972.0,406.8,4.852438375595011,306.108,21688.0,21.6
1990-02-01,2829.2,252.8,23490.804,256.4,5748.0,19279.2,539.0152,266.8,30.4,40.79,495600.0,16000.58008884547,3592.0,5316.0,34.0,995680.0,406.8,4.852438375595011,306.348,21664.0,21.2
1990-03-01,2812.0,252.8,23490.804,256.4,5156.0,19370.8,530.046,266.8,31.2,41.072,495600.0,15900.41087932659,3540.0,4984.0,33.2,996584.0,408.0,4.852438375595011,307.16,21568.0,20.8
1990-04-01,2770.0,252.0,23840.112,255.6,4992.0,19535.2,508.7412,266.4,33.2,41.48,507200.0,15714.690222093928,3488.0,4544.0,34.8,997744.0,410.0,4.852438375595011,308.152,21420.0,21.6
1990-05-01,2754.4,252.4,23840.112,255.6,4848.0,19558.0,495.5368,266.4,32.8,41.91,507200.0,15986.263120814347,3432.0,4268.0,34.8,998828.0,410.0,4.852438375595011,309.188,21284.0,21.6
1990-06-01,2725.6,251.6,23840.112,255.6,4708.0,19677.2,492.4268,265.6,31.6,40.656,507200.0,14735.75033752453,3384.0,4432.0,34.4,999960.0,409.6,4.852438375595011,310.02,21212.0,20.8
1990-07-01,2695.6,251.2,24060.464,255.6,4684.0,19792.8,489.4236,266.0,31.2,40.14,468000.0,15188.313765504572,3324.0,4312.0,34.8,1001140.0,410.8,4.852438375595011,310.244,21096.0,22.0
1990-08-01,2653.2,250.8,24060.464,255.6,4460.0,19799.6,478.554,266.0,32.8,40.4,468000.0,15358.669108355127,3252.0,4276.0,32.4,1002380.0,411.2,4.852438375595011,309.916,20936.0,22.8
1990-09-01,2627.2,250.0,24060.464,255.6,4440.0,19914.4,474.7504,265.6,33.6,40.7,468000.0,15429.75325386432,3172.0,3904.0,32.4,1003616.0,414.0,4.875774197215047,308.916,20788.0,23.6
1990-10-01,2585.2,250.0,24018.932,256.0,4056.0,19866.0,454.78520000000003,265.6,34.8,40.71,486000.0,15004.1571870467,3064.0,3700.0,31.6,1004804.0,414.4,4.875774197215047,307.64799999999997,20536.0,23.6
1990-11-01,2535.2,249.2,24018.932,256.0,4580.0,19894.0,466.2264,265.6,32.8,40.056,486000.0,14524.48069114995,3032.0,3764.0,32.0,1005944.0,414.8,4.901574613019493,305.524,20380.0,24.8
1990-12-01,2497.2,248.8,24018.932,256.0,3876.0,20016.4,434.0864,265.6,34.0,38.69,486000.0,13476.653992108464,2980.0,3444.0,35.2,1007032.0,415.2,4.901574613019493,303.888,20188.0,25.2
1991-01-01,2440.0,248.0,24140.712,256.0,3192.0,19961.6,406.3736,264.8,37.6,38.55,480000.0,13144.417207548047,2864.0,3144.0,37.6,1008048.0,420.0,4.901574613019493,302.132,19888.0,25.6
1991-02-01,2401.2,247.6,24140.712,256.0,3860.0,19988.4,434.7252,264.8,31.6,37.46,480000.0,12334.198614942117,2840.0,3412.0,36.0,1009012.0,421.2,4.904566329816525,300.996,19716.0,26.4
1991-03-01,2392.0,247.2,24140.712,256.0,3684.0,20023.2,421.0452,265.2,29.2,38.0,480000.0,13518.2896870096,2712.0,3644.0,32.4,1010028.0,423.2,4.9134877549407,300.544,19524.0,27.2
1991-04-01,2350.4,248.0,24507.448,256.4,4004.0,20137.2,416.704,265.6,29.2,37.97,479600.0,12375.168325011584,2680.0,3664.0,34.8,1011112.0,425.2,4.91865512978332,301.26,19368.0,26.8
1991-05-01,2339.2,246.4,24507.448,256.4,3984.0,20223.6,416.47,264.8,28.0,37.888,479600.0,12061.701814787579,2648.0,3964.0,34.0,1012240.0,426.8,4.91865512978332,303.072,19200.0,27.6
1991-06-01,2319.6,246.8,24507.448,256.4,4144.0,20363.2,423.8976,264.8,28.0,38.46,479600.0,12375.168325011584,2616.0,3856.0,36.0,1013400.0,426.4,4.91865512978332,305.012,19128.0,27.6
1991-07-01,2296.4,246.4,24823.748,256.4,4252.0,20348.0,431.952,264.4,28.4,38.3,480000.0,12143.334537165028,2608.0,3892.0,33.6,1014600.0,425.6,4.91865512978332,306.068,19008.0,27.2
1991-08-01,2277.2,246.0,24823.748,256.4,4196.0,20433.6,428.574,264.0,27.2,36.976,480000.0,11790.31923537301,2604.0,3776.0,34.8,1015864.0,424.8,4.91865512978332,306.376,18932.0,27.6
1991-09-01,2272.8,246.4,24823.748,256.4,4060.0,20566.0,433.2984,264.8,29.6,36.03,480000.0,14075.654944332795,2532.0,3896.0,35.6,1017120.0,421.6,4.954092695003915,306.3,18912.0,27.6
1991-10-01,2253.2,246.0,25058.16,256.4,4316.0,20630.8,434.8096,264.4,26.8,35.42,480000.0,12143.334537165028,2520.0,3964.0,37.6,1018304.0,422.0,4.936893521250617,305.16,18792.0,28.0
1991-11-01,2232.8,245.6,25058.16,256.4,4412.0,20708.0,415.5064,264.4,24.8,34.848,480000.0,11291.250365726202,2544.0,3936.0,36.4,1019364.0,420.0,4.936893521250617,304.12,18560.0,28.0
1991-12-01,2219.2,244.8,25058.16,256.4,4316.0,20932.0,433.2496,264.0,24.8,33.99,480000.0,11143.638643221817,2532.0,4244.0,39.2,1020356.0,419.6,4.936893521250617,303.376,18588.0,29.2
1992-01-01,2205.6,246.0,25452.408,256.4,4704.0,21059.2,445.8628,265.2,20.8,33.728,478000.0,11939.440875859642,2556.0,4308.0,38.0,1021324.0,424.4,4.936893521250617,302.8,18668.0,29.2
1992-02-01,2182.4,245.2,25452.408,256.4,5000.0,21212.8,441.756,264.8,19.6,35.05,478000.0,12443.506020220206,2520.0,4584.0,39.2,1022304.0,423.2,4.936893521250617,302.62,18448.0,29.6
1992-03-01,2178.8,246.0,25452.408,256.4,5188.0,21295.2,441.752,265.6,24.4,35.74,478000.0,12854.960120640864,2624.0,4328.0,38.8,1023392.0,421.6,4.936893521250617,303.256,18484.0,29.6
1992-04-01,2170.4,246.4,25883.052,256.4,4396.0,21429.6,453.2176,266.0,24.4,35.41,480000.0,12238.69891850762,2600.0,4216.0,39.2,1024556.0,420.8,4.936893521250617,304.32,18412.0,29.6
1992-05-01,2170.4,246.0,25883.052,256.4,4856.0,21569.6,454.3372,266.4,24.0,34.688,480000.0,13671.154063686108,2600.0,4224.0,39.2,1025748.0,422.0,4.936893521250617,305.592,18420.0,30.4
1992-06-01,2170.8,246.0,25883.052,256.4,4580.0,21696.0,450.948,266.8,22.4,34.04,480000.0,13698.981271525328,2576.0,4228.0,40.0,1026968.0,421.6,4.936893521250617,306.408,18336.0,31.2
1992-07-01,2186.8,246.4,26266.564,256.4,4556.0,21748.4,448.5532,266.8,21.2,32.512,480000.0,14566.689853866872,2516.0,4356.0,38.0,1028252.0,420.0,4.936893521250617,306.844,18280.0,30.8
1992-08-01,2212.0,246.4,26266.564,256.4,4904.0,21860.4,447.3052,266.4,20.8,31.9,480000.0,13020.220322049892,2540.0,4300.0,38.4,1029560.0,420.4,4.936893521250617,306.928,18324.0,30.4
1992-09-01,2227.6,245.6,26266.564,256.4,4744.0,21811.2,450.5936,266.0,20.0,31.689999999999998,480000.0,12786.215536331238,2552.0,4456.0,34.4,1030816.0,419.2,4.936893521250617,306.512,18336.0,30.4
1992-10-01,2232.0,245.2,26723.212,257.2,4976.0,21779.6,457.2584,264.8,20.4,32.352,504000.0,13006.433956762734,2572.0,4528.0,31.6,1032016.0,421.6,4.936893521250617,306.392,18400.0,29.2
1992-11-01,2240.0,245.6,26723.212,257.2,4856.0,21869.6,418.168,265.2,21.6,33.22,504000.0,14187.619212455715,2564.0,4472.0,31.6,1033120.0,422.0,4.936893521250617,306.316,18424.0,29.6
1992-12-01,2240.8,245.6,26723.212,257.2,4908.0,22707.2,419.9036,265.2,20.0,32.824,504000.0,13838.272064100685,2552.0,4704.0,42.0,1034184.0,421.6,4.936893521250617,305.856,18520.0,29.6
1993-01-01,2253.6,245.6,26917.836,255.6,4840.0,22136.4,418.4668,264.8,21.6,31.97,500000.0,12951.315150677648,2544.0,4708.0,34.0,1035196.0,424.8,4.936893521250617,305.58,18656.0,29.2
1993-02-01,2272.4,245.6,26917.836,255.6,4840.0,22272.0,417.7972,264.8,21.2,30.73,500000.0,14355.869026905984,2560.0,4592.0,35.2,1036144.0,427.2,4.936893521250617,305.308,18856.0,28.4
1993-03-01,2282.0,246.0,26917.836,255.6,4332.0,22260.0,411.846,264.8,21.6,29.98,500000.0,12539.293593683897,2532.0,4224.0,35.2,1037132.0,428.0,4.936893521250617,305.528,18704.0,28.0
1993-04-01,2300.8,246.0,27235.756,256.0,5032.0,22487.2,417.2416,264.4,18.8,29.888,508000.0,14075.654944332795,2544.0,4416.0,34.8,1038188.0,444.8,4.946962544368276,306.64,18760.0,28.4
1993-05-01,2329.6,246.8,27235.756,256.0,5040.0,22551.6,431.64840000000004,265.6,21.2,29.86,508000.0,12621.503414328941,2592.0,4448.0,32.8,1039288.0,446.8,4.963989664239212,308.12,19012.0,28.4
1993-06-01,2329.2,247.2,27235.756,256.0,5120.0,22531.6,432.5432,266.0,20.8,29.67,508000.0,13754.666674952856,2616.0,4520.0,30.8,1040436.0,447.6,4.963989664239212,310.064,19040.0,28.0
1993-07-01,2331.6,247.2,27528.392,256.0,5016.0,22640.4,438.1532,265.6,21.2,28.823999999999998,508000.0,12334.198614942117,2652.0,4696.0,30.0,1041644.0,446.4,4.963989664239212,311.54,19132.0,27.6
1993-08-01,2331.2,248.0,27528.392,256.0,5200.0,22728.0,441.0224,265.6,22.0,28.45,508000.0,14749.854827954927,2660.0,4920.0,30.4,1042868.0,450.4,4.963989664239212,312.524,19224.0,27.2
1993-09-01,2345.2,246.8,27528.392,256.0,5372.0,22700.4,436.484,264.8,19.6,27.66,508000.0,13462.780641942953,2708.0,5004.0,27.2,1044060.0,450.8,4.963989664239212,312.79200000000003,19292.0,26.8
1993-10-01,2364.4,247.2,28054.952,256.4,5568.0,22676.4,439.5108,265.2,20.0,27.336,508000.0,14496.353724714947,2748.0,5148.0,24.8,1045176.0,452.8,4.963989664239212,312.688,19472.0,27.2
1993-11-01,2397.2,247.6,28054.952,256.4,5504.0,22777.6,448.0584,265.2,19.2,28.62,508000.0,14341.834353780727,2780.0,5428.0,24.8,1046200.0,453.6,4.963989664239212,312.68,19548.0,26.4
1993-12-01,2428.4,248.0,28054.952,256.4,6132.0,23575.2,450.6932,265.6,18.0,28.688,508000.0,15103.267200727585,2812.0,5844.0,36.0,1047184.0,453.6,4.963989664239212,312.452,19700.0,26.0
1994-01-01,2456.4,248.8,28462.608,256.0,5088.0,23116.0,424.3816,266.4,23.6,28.24,520000.0,14243.662123163436,2836.0,5560.0,28.0,1048084.0,455.6,4.963989664239212,312.79200000000003,19760.0,26.4
1994-02-01,2437.6,249.2,28462.608,256.0,5348.0,23192.0,420.3288,266.4,20.0,28.61,520000.0,16014.899413871432,2864.0,5076.0,25.6,1048948.0,458.0,4.963989664239212,312.816,19692.0,26.4
1994-03-01,2481.6,248.4,28462.608,256.0,6256.0,23317.6,467.6192,266.0,19.2,30.7,520000.0,14651.175405505814,2928.0,5368.0,26.8,1049964.0,461.2,4.963285999855566,313.39599999999996,19960.0,26.0
1994-04-01,2488.4,249.2,28987.724000000002,255.6,5860.0,23562.0,467.824,266.0,20.8,33.264,520000.0,16316.147517728417,2960.0,5568.0,25.2,1051016.0,470.8,4.963285999855566,314.80400000000003,20188.0,25.6
1994-05-01,2501.6,250.0,28987.724000000002,255.6,6104.0,23644.4,479.0728,266.4,21.2,34.39,520000.0,17124.46950389516,2996.0,5584.0,30.0,1052056.0,473.6,4.963285999855566,316.832,20336.0,24.4
1994-06-01,2510.4,249.2,28987.724000000002,255.6,5636.0,23670.0,475.3032,265.6,24.8,33.59,520000.0,15771.792289837911,3028.0,5428.0,27.2,1053176.0,478.0,4.985559571690739,318.80400000000003,20388.0,24.4
1994-07-01,2520.0,249.2,29324.3,255.6,5756.0,23785.6,470.2024,265.6,25.2,34.456,518800.0,14990.008395300158,3056.0,5340.0,27.6,1054320.0,478.4,4.985559571690739,320.252,20500.0,24.4
1994-08-01,2527.6,250.4,29324.3,255.6,5800.0,23874.8,476.8436,266.4,24.4,34.05,518800.0,15943.326371143574,3092.0,5508.0,25.6,1055484.0,482.8,4.985559571690739,321.268,20556.0,24.0
1994-09-01,2532.8,250.8,29324.3,255.6,5896.0,24006.0,485.9104,266.4,24.0,34.56,518800.0,16892.786875452228,3096.0,5648.0,26.8,1056636.0,484.0,4.985559571690739,321.36,20700.0,23.6
1994-10-01,2538.0,251.6,29821.152000000002,256.4,5800.0,24261.2,475.658,266.8,22.4,35.7,528000.0,16373.644954496502,3100.0,5588.0,28.0,1057720.0,486.0,4.985559571690739,321.216,20708.0,23.2
1994-11-01,2529.6,252.0,29821.152000000002,256.4,6044.0,24301.6,495.4724,266.8,25.2,36.68,528000.0,16186.914708897637,3140.0,5360.0,27.6,1058724.0,485.60000000000014,4.985559571690739,320.68,20840.0,22.4
1994-12-01,2532.4,252.4,29821.152000000002,256.4,5820.0,24432.4,515.6984,266.8,26.4,36.792,528000.0,16488.751359998387,3136.0,5584.0,28.0,1059696.0,485.2,4.985559571690739,320.312,20904.0,22.0
1995-01-01,2532.8,252.0,30089.156,257.6,5628.0,24594.4,506.3872,267.2,27.2,36.59,520000.0,17023.036746295624,3132.0,5128.0,29.2,1060628.0,490.0,4.985559571690739,320.108,20936.0,22.4
1995-02-01,2520.4,252.4,30089.156,257.6,5264.0,24693.2,499.5396,267.2,29.2,35.31,520000.0,15174.133253802715,3172.0,5016.0,30.8,1061532.0,492.8,4.985559571690739,319.968,20768.0,21.6
1995-03-01,2521.6,252.4,30089.156,257.6,4996.0,24801.2,509.98199999999997,266.8,27.2,33.848,520000.0,16878.326066264555,3084.0,4904.0,29.6,1062500.0,492.8,4.985559571690739,320.312,20968.0,21.6
1995-04-01,2518.0,252.4,30323.988,258.8,5068.0,24895.6,491.0812,267.6,26.8,33.28,535600.0,15857.516679182261,3044.0,5036.0,27.2,1063508.0,512.0,4.985559571690739,321.476,21008.0,23.2
1995-05-01,2512.0,250.8,30323.988,258.8,5256.0,24953.2,478.7524,266.0,25.2,31.82,535600.0,15629.108611856538,3032.0,5084.0,28.0,1064536.0,514.4,4.985559571690739,322.764,20880.0,22.4
1995-06-01,2504.4,250.8,30323.988,258.8,5124.0,25069.6,496.9664,266.0,23.2,30.264,535600.0,14440.129784223103,3036.0,5220.0,26.0,1065656.0,514.0,4.993102175824054,324.276,21000.0,22.4
1995-07-01,2504.0,251.2,30732.5,259.2,5844.0,25185.2,499.7088,266.4,22.4,30.43,528000.0,16000.58008884547,3048.0,5416.0,27.6,1066800.0,515.2,4.993102175824054,325.652,21048.0,22.8
1995-08-01,2510.0,251.2,30732.5,259.2,5664.0,25276.0,502.536,266.4,24.4,31.439999999999998,528000.0,14763.961791345993,3096.0,5544.0,26.4,1067992.0,515.2,4.993102175824054,326.62,21144.0,22.8
1995-09-01,2519.6,251.6,30732.5,259.2,5476.0,25390.8,504.7988,266.4,25.2,30.544,528000.0,14961.718161649726,3120.0,5684.0,26.4,1069216.0,516.0,4.993102175824054,326.956,21296.0,22.4
1995-10-01,2536.8,251.6,31090.344,260.4,5476.0,25494.0,512.0304,266.4,25.2,29.9,552000.0,15757.513204073568,3124.0,5600.0,28.0,1070340.0,515.2,4.993102175824054,326.908,21412.0,22.0
1995-11-01,2550.0,251.2,31090.344,260.4,5808.0,25576.0,511.38440000000014,266.0,27.2,29.51,552000.0,16115.20058069363,3144.0,5720.0,25.6,1071316.0,515.2,4.993102175824054,326.524,21432.0,22.4
1995-12-01,2554.4,250.8,31090.344,260.4,5724.0,25671.2,504.8584,265.6,25.6,28.8,552000.0,13852.215292361547,3196.0,5768.0,24.0,1072188.0,514.0,4.993102175824054,326.056,21376.0,22.4
1996-01-01,2568.0,250.8,31473.872,261.2,5868.0,25815.6,494.8968,265.6,25.6,28.12,548000.0,16719.408160471015,3212.0,5548.0,26.0,1073032.0,514.0,4.993102175824054,325.70799999999997,21420.0,22.4
1996-02-01,2588.0,251.6,31473.872,261.2,5964.0,26071.2,496.5476,266.4,21.2,28.3,548000.0,15500.8976006456,3172.0,5680.0,26.4,1073920.0,516.8,4.993102175824054,325.596,21660.0,22.0
1996-03-01,2600.4,252.0,31473.872,261.2,5696.0,26241.6,492.4352,266.4,24.8,30.496,548000.0,16244.328156091755,3256.0,5748.0,25.6,1074896.0,516.8,4.993102175824054,326.66,21784.0,22.0
1996-04-01,2619.6,252.0,32131.36,261.6,6064.0,26389.2,520.5508,266.8,24.0,31.7,559600.0,15643.366246355503,3308.0,5852.0,22.0,1075920.0,529.2,4.993102175824054,328.5,21896.0,22.4
1996-05-01,2634.8,252.0,32131.36,261.6,6016.0,26549.2,520.69,266.8,23.6,32.28,559600.0,17023.036746295624,3328.0,5828.0,26.0,1076988.0,534.8,4.993102175824054,330.408,21992.0,22.4
1996-06-01,2653.2,252.8,32131.36,261.6,5868.0,26725.2,516.6836,266.8,24.0,33.28,559600.0,17226.013224837887,3304.0,5716.0,27.6,1078108.0,535.2,4.993102175824054,332.19599999999997,22136.0,21.2
1996-07-01,2658.4,253.2,32525.631999999998,261.6,5888.0,26726.4,512.9784,267.6,22.8,32.98,560000.0,17458.527773186837,3296.0,5800.0,26.0,1079288.0,535.6000000000001,4.993102175824054,333.676,22228.0,22.0
1996-08-01,2682.4,253.2,32525.631999999998,261.6,6228.0,26837.6,520.7776,266.8,20.0,32.008,560000.0,17677.03080466767,3280.0,5652.0,25.6,1080520.0,536.8,4.993102175824054,334.58,22344.0,20.4
1996-09-01,2697.6,253.6,32525.631999999998,261.6,5900.0,26989.6,507.4212,267.6,20.8,32.92,560000.0,16388.025129655754,3296.0,5568.0,25.6,1081732.0,540.4,4.993102175824054,334.80800000000005,22440.0,20.8
1996-10-01,2704.0,254.0,33039.084,261.6,5568.0,27075.2,515.264,268.0,22.4,31.66,576400.0,16575.17845295225,3284.0,5432.0,24.4,1082920.0,540.8,4.993102175824054,334.51599999999996,22572.0,20.8
1996-11-01,2718.8,253.6,33039.084,261.6,5956.0,27209.6,504.5604,268.0,20.8,30.472,576400.0,16878.326066264555,3316.0,5648.0,24.8,1084008.0,540.8,4.993102175824054,334.228,22672.0,21.6
1996-12-01,2724.8,253.6,33039.084,261.6,5480.0,27346.4,496.52639999999997,268.0,20.0,30.39,576400.0,17954.518753617624,3256.0,5644.0,24.4,1084972.0,539.2,4.993102175824054,333.964,22700.0,21.6
1997-01-01,2738.4,253.6,33450.62,262.0,5420.0,27539.2,500.80240000000003,268.0,18.8,31.296,580000.0,16359.267104518858,3268.0,5528.0,23.6,1085888.0,540.8,4.993102175824054,334.124,22700.0,21.2
1997-02-01,2751.2,253.6,33450.62,262.0,5944.0,27683.6,529.6392,267.6,18.0,30.6,580000.0,18806.474904580362,3240.0,5780.0,24.0,1086812.0,542.0,4.993102175824054,334.38800000000003,22888.0,20.8
1997-03-01,2781.2,254.4,33450.62,262.0,5828.0,27843.2,548.2712,268.4,16.4,31.59,580000.0,17342.198570389013,3232.0,5744.0,24.4,1087808.0,540.8,4.993102175824054,335.648,23004.0,20.8
1997-04-01,2769.2,254.8,34075.3,262.8,5968.0,27891.2,545.8852,268.4,18.8,32.57,583200.0,17240.52850638448,3240.0,5684.0,24.8,1088852.0,551.6000000000001,4.993102175824054,337.284,23056.0,20.4
1997-05-01,2763.2,255.2,34075.3,262.8,5768.0,28005.2,536.3732,268.4,18.4,31.776,583200.0,16690.543807708975,3264.0,5656.0,26.0,1089928.0,552.8,4.993102175824054,339.456,23172.0,19.6
1997-06-01,2762.0,254.8,34075.3,262.8,5976.0,28143.2,542.1576,268.4,17.6,30.76,583200.0,15472.432648248052,3304.0,5608.0,25.2,1091068.0,555.6000000000001,4.993102175824054,341.592,23172.0,20.0
1997-07-01,2774.4,255.6,34651.292,263.2,5748.0,28286.8,553.0420000000001,268.8,17.6,29.99,580000.0,15443.977312356037,3344.0,5760.0,23.2,1092296.0,556.4,4.993102175824054,343.36400000000003,23268.0,19.6
1997-08-01,2780.4,255.6,34651.292,263.2,5560.0,28477.6,553.6548,268.8,17.2,29.92,580000.0,15714.690222093928,3344.0,5796.0,22.8,1093580.0,558.0,4.993785035221095,344.60400000000004,23384.0,19.2
1997-09-01,2782.8,255.6,34651.292,263.2,6184.0,28632.4,574.0048,268.4,16.8,29.72,580000.0,17298.612177001884,3384.0,5976.0,23.6,1094812.0,556.8,4.993785035221095,345.244,23496.0,19.6
1997-10-01,2786.8,255.6,35063.628,263.2,6080.0,28820.4,572.1336,268.4,17.2,29.176000000000002,576800.0,16632.84270027277,3432.0,5996.0,23.6,1095956.0,558.0,4.993785035221095,345.63199999999995,23532.0,18.8
1997-11-01,2800.0,256.4,35063.628,263.2,6040.0,29028.0,561.4236,268.8,15.6,28.82,576800.0,16979.59962912912,3460.0,5876.0,24.4,1096996.0,556.8,4.993785035221095,346.528,23596.0,18.4
1997-12-01,2813.6,256.0,35063.628,263.2,6264.0,29200.0,563.204,268.8,17.6,28.38,576800.0,17095.477376267794,3488.0,5824.0,24.4,1097996.0,557.2,4.993785035221095,347.392,23752.0,18.8
1998-01-01,2816.4,256.0,35465.92,264.0,6100.0,29475.6,573.6112,268.4,16.0,27.976,608800.0,15486.663923035754,3544.0,6220.0,28.0,1098928.0,557.2,4.993785035221095,348.652,23932.0,18.4
1998-02-01,2816.8,256.0,35465.92,264.0,6336.0,29666.0,556.3716,268.4,15.6,28.17,608800.0,17284.087879916166,3584.0,6588.0,28.0,1099772.0,558.4,4.996511787669694,349.492,23988.0,18.4
1998-03-01,2833.2,256.0,35465.92,264.0,6268.0,29856.0,549.3452,268.4,16.4,28.51,608800.0,17808.372898622547,3620.0,6420.0,28.4,1100700.0,559.2,4.996511787669694,351.50800000000004,23876.0,18.8
1998-04-01,2851.6,256.4,35878.796,264.4,6160.0,30006.8,552.2192,268.0,16.0,28.560000000000002,598000.0,18115.533520934376,3624.0,6188.0,27.6,1101736.0,576.0,4.996511787669694,354.23199999999997,24196.0,17.2
1998-05-01,2874.0,256.4,35878.796,264.4,6144.0,30188.0,556.2532,268.0,15.6,28.576,598000.0,17633.29007458766,3648.0,6216.0,26.4,1102800.0,577.2,4.997192307719011,357.496,24348.0,17.6
1998-06-01,2903.6,256.0,35878.796,264.4,6564.0,30337.6,554.9676,268.0,15.2,27.99,598000.0,17662.448337275004,3708.0,6204.0,26.0,1103904.0,582.0,4.997192307719011,360.78,24520.0,18.0
1998-07-01,2925.2,256.0,36484.388,266.4,6792.0,30467.6,566.9348,268.0,16.0,27.808,612000.0,18909.788628262235,3752.0,6440.0,26.4,1105064.0,584.4,4.997192307719011,363.436,24688.0,18.0
1998-08-01,2956.8,255.6,36484.388,266.4,6456.0,30624.8,556.7084,268.0,16.4,27.689999999999998,612000.0,18453.05573410557,3764.0,6616.0,26.0,1106264.0,585.6000000000001,4.997192307719011,365.628,24860.0,18.0
1998-09-01,2957.6,256.8,36484.388,266.4,6328.0,30712.4,565.4708,268.8,16.4,26.89,612000.0,17443.978775017236,3808.0,6308.0,24.4,1107436.0,586.0,4.997192307719011,367.004,24900.0,18.4
1998-10-01,2981.2,256.4,37175.964,266.0,6860.0,30835.2,555.8952,268.8,16.0,26.84,612000.0,17443.978775017236,3888.0,6876.0,23.6,1108560.0,585.6000000000001,4.997192307719011,367.996,25048.0,18.0
1998-11-01,2994.8,256.8,37175.964,266.0,6640.0,30982.8,572.912,268.4,14.0,27.46,612000.0,19680.516600610856,3904.0,6688.0,24.0,1109608.0,586.0,4.997192307719011,368.788,25204.0,17.6
1998-12-01,3018.8,257.2,37175.964,266.0,7168.0,31087.2,599.64,268.8,15.2,26.951999999999998,612000.0,17167.97467666218,4012.0,6968.0,22.0,1110632.0,586.0,4.997192307719011,369.772,25512.0,17.6
1999-01-01,3058.0,257.6,37646.728,266.8,6992.0,31252.4,572.3948,268.8,15.6,27.14,629600.0,19606.160872509714,3892.0,6928.0,24.4,1111564.0,589.6000000000001,5.007344551423302,370.856,25428.0,17.2
1999-02-01,3095.6,256.8,37646.728,266.8,6680.0,31363.6,587.9144,268.8,16.0,27.23,629600.0,17545.868741339495,3956.0,6880.0,24.0,1112380.0,590.0,5.01405552202577,371.924,25716.0,17.6
1999-03-01,3112.0,256.8,37646.728,266.8,6840.0,31423.6,560.4552,268.0,16.4,28.16,629600.0,20711.90304113474,3976.0,6660.0,22.4,1113296.0,592.0,5.01405552202577,374.444,25608.0,16.8
1999-04-01,3134.4,256.8,38104.84,266.8,6212.0,31484.4,543.2808,268.4,15.6,27.664,634800.0,19324.086896680707,3964.0,6400.0,18.8,1114336.0,596.4,5.0032960973145135,377.744,25920.0,17.2
1999-05-01,3168.8,257.2,38104.84,266.8,6444.0,31576.8,535.33,268.4,16.0,28.58,634800.0,19963.543120372495,3956.0,6560.0,17.6,1115436.0,599.6000000000001,5.002619747812873,381.44,26064.0,16.8
1999-06-01,3194.0,256.8,38104.84,266.8,6236.0,31700.4,535.7912,268.4,15.6,30.2,634800.0,20337.083472282913,3924.0,6808.0,17.2,1116592.0,599.6000000000001,5.004647416254868,385.452,26188.0,17.2
1999-07-01,3214.8,256.8,38746.504,267.2,6676.0,31863.2,527.1772,268.4,16.0,30.528,636400.0,19576.433213157467,3932.0,6728.0,17.6,1117792.0,598.8,5.004647416254868,388.76800000000003,26284.0,17.2
1999-08-01,3224.4,256.8,38746.504,267.2,6592.0,32067.6,533.0732,268.0,16.0,31.77,636400.0,19072.35011513439,3956.0,6684.0,17.2,1119008.0,599.2,5.004647416254868,391.588,26344.0,16.8
1999-09-01,3240.0,256.8,38746.504,267.2,6540.0,32164.8,525.6232,268.0,18.0,31.29,636400.0,20262.272621470252,3932.0,6204.0,14.8,1120212.0,599.2,5.004647416254868,393.596,26452.0,16.8
1999-10-01,3246.0,257.2,39600.676,267.6,6432.0,32409.6,547.0328,268.0,16.8,31.408,661200.0,19517.003018734307,3932.0,6596.0,16.0,1121348.0,598.0,5.0053223869483245,395.328,26560.0,16.4
1999-11-01,3278.4,257.6,39600.676,267.6,6592.0,32661.2,594.9532,268.4,17.2,30.95,661200.0,19561.572522614253,3932.0,6688.0,16.4,1122376.0,597.6000000000001,5.0053223869483245,396.596,26748.0,16.4
1999-12-01,3291.2,257.6,39600.676,267.6,6832.0,33004.8,593.4212,268.4,17.2,31.648,661200.0,20501.847298448563,3932.0,6732.0,14.8,1123384.0,596.0,5.0053223869483245,398.172,26836.0,16.0
2000-01-01,3330.0,258.4,40008.716,268.4,6544.0,33392.0,578.452,269.2,17.2,32.84,661200.0,19235.16877885568,3964.0,6908.0,18.0,1124332.0,596.4,5.0053223869483245,400.0,27008.0,16.0
2000-02-01,3337.2,258.4,40008.716,268.4,6948.0,33635.2,575.8928,269.2,17.2,33.3,661200.0,20771.991966469166,3992.0,6768.0,16.0,1125196.0,593.2,5.008690377627818,402.284,26920.0,16.4
2000-03-01,3372.8,258.4,40008.716,268.4,6416.0,33873.2,606.7784,269.2,17.2,32.96,661200.0,21178.43543963751,3952.0,6604.0,15.2,1126124.0,592.4,5.008690377627818,405.86400000000003,27244.0,16.0
2000-04-01,3336.0,258.8,40990.88,269.2,6504.0,34027.2,568.4096,269.2,17.6,32.61,652800.0,19769.812320446643,3956.0,6388.0,17.2,1127052.0,594.4,5.008690377627818,410.164,27176.0,15.2
2000-05-01,3311.6,257.6,40990.88,269.2,6300.0,34178.0,575.0248,268.4,17.6,34.06,652800.0,20847.14859862655,3940.0,6172.0,17.2,1127984.0,596.4,5.045003665197589,414.808,27080.0,16.0
2000-06-01,3306.8,258.0,40990.88,269.2,6236.0,34391.2,563.96,268.4,19.2,33.152,652800.0,18585.442392966168,3928.0,6288.0,17.2,1128988.0,597.2,5.01271695015448,419.42,27112.0,16.0
2000-07-01,3315.6,256.8,41272.66,270.0,5852.0,34661.2,562.16,267.6,16.4,32.59,675200.0,18071.59405484597,3916.0,6168.0,18.8,1130016.0,597.2,5.01271695015448,422.888,27176.0,16.0
2000-08-01,3288.8,256.8,41272.66,270.0,6164.0,34848.8,576.0,267.6,17.6,32.11,675200.0,19220.356488843605,3904.0,6208.0,19.2,1131076.0,595.2,5.01271695015448,426.088,27184.0,16.4
2000-09-01,3272.8,256.8,41272.66,270.0,6028.0,35030.8,568.7588,267.6,16.0,31.648,675200.0,18556.008003593764,3880.0,6280.0,16.4,1132132.0,594.4,5.01271695015448,428.54,27228.0,15.6
2000-10-01,3252.8,256.8,41742.976,270.0,6196.0,35168.4,573.9116,267.2,16.0,31.18,691600.0,18335.52604368043,3888.0,6308.0,17.2,1133140.0,593.6000000000001,5.01271695015448,430.91200000000003,27256.0,15.6
2000-11-01,3223.2,257.2,41742.976,270.0,6204.0,35239.6,549.7548,267.6,16.8,30.98,691600.0,18718.0038501179,3880.0,6456.0,17.2,1134092.0,594.4,5.01271695015448,433.164,27268.0,15.6
2000-12-01,3188.8,257.6,41742.976,270.0,6128.0,35376.0,522.2164,268.0,14.4,29.528,691600.0,18453.05573410557,3876.0,6172.0,16.4,1134992.0,590.0,5.012046987193001,435.164,27168.0,15.6
2001-01-01,3131.2,257.6,41880.924,270.4,6400.0,35763.6,558.7004,268.8,15.2,28.13,679200.0,17502.188196883257,3944.0,6796.0,18.0,1135840.0,593.2,5.012046987193001,436.856,27296.0,16.8
2001-02-01,3127.2,257.2,41880.924,270.4,6500.0,35903.2,575.9392,268.4,14.8,28.2,679200.0,18673.79732087357,3948.0,6624.0,18.4,1136664.0,592.0,5.012046987193001,438.568,27364.0,16.8
2001-03-01,3102.0,257.2,41880.924,270.4,6360.0,36037.6,590.4084,268.8,15.2,27.808,679200.0,17706.202406149696,4004.0,6636.0,19.6,1137520.0,589.6000000000001,5.012046987193001,441.576,27448.0,17.2
2001-04-01,3091.2,256.0,42396.0,271.2,6596.0,36035.6,610.8532,267.6,15.6,28.310000000000002,716000.0,19235.16877885568,4028.0,6664.0,19.2,1138408.0,595.6000000000001,5.037193196007018,444.992,27376.0,17.6
2001-05-01,3100.0,255.2,42396.0,271.2,6420.0,36044.4,598.7644,266.8,16.0,28.58,716000.0,18100.884840084927,4060.0,6660.0,17.2,1139336.0,595.2,5.045651774547372,448.812,27396.0,17.2
2001-06-01,3118.4,254.8,42396.0,271.2,6544.0,36068.4,588.3004,266.8,16.8,28.64,716000.0,20426.924024670272,4052.0,6504.0,16.8,1140304.0,594.4,5.045651774547372,453.088,27360.0,18.0
2001-07-01,3126.4,254.8,42392.08,271.6,6680.0,36058.4,591.146,267.2,16.8,28.51,690000.0,19353.743152196723,4068.0,6392.0,21.6,1141296.0,596.4,5.045651774547372,456.904,27380.0,18.4
2001-08-01,3127.2,252.8,42392.08,271.6,6268.0,36005.6,581.4504,266.0,17.6,27.8,690000.0,19844.282656534462,4044.0,6460.0,26.0,1142336.0,596.4,5.045651774547372,459.948,27308.0,19.6
2001-09-01,3131.6,254.0,42392.08,271.6,6248.0,35901.2,573.1504,267.2,17.6,27.27,690000.0,18895.0231085802,4056.0,6260.0,27.6,1143368.0,596.4,5.045651774547372,461.86,27252.0,20.0
2001-10-01,3143.6,252.8,42641.86,271.6,6160.0,35949.2,586.262,266.8,17.2,26.47,684400.0,19606.160872509714,4032.0,6264.0,11.6,1144344.0,597.6000000000001,5.045651774547372,462.724,27216.0,21.2
2001-11-01,3148.8,252.0,42641.86,271.6,6408.0,35940.4,605.3448,266.8,16.4,26.632,684400.0,18954.098000256334,4044.0,6604.0,13.6,1145260.0,596.4,5.045651774547372,463.356,27136.0,22.0
2001-12-01,3156.8,251.6,42641.86,271.6,6272.0,35962.8,597.8752,266.8,15.2,28.26,684400.0,21012.670547412767,3984.0,6720.0,14.8,1146132.0,596.0,5.045651774547372,464.224,27140.0,22.8
2002-01-01,3143.2,250.8,43134.0,271.6,6792.0,36062.4,616.5472,266.0,16.8,27.99,754800.0,20097.869406781298,3984.0,6660.0,22.4,1146956.0,595.2,5.045651774547372,465.748,27100.0,22.8
2002-02-01,3179.6,252.0,43134.0,271.6,7316.0,36127.6,613.2424,267.2,16.0,27.57,754800.0,20681.870724182674,4020.0,7148.0,21.6,1147740.0,593.6000000000001,5.045651774547372,467.668,27064.0,22.8
2002-03-01,3195.2,251.2,43134.0,271.6,6568.0,36202.8,579.1864,266.4,16.4,28.056,754800.0,19013.207023256375,4052.0,6764.0,22.0,1148524.0,591.6000000000001,5.041106105675062,471.716,27020.0,22.8
2002-04-01,3187.2,250.8,43549.84,271.2,6368.0,36399.6,571.0828,266.8,17.2,27.939999999999998,748800.0,19993.37894569563,4044.0,6676.0,21.6,1149372.0,607.2,5.050821485837187,476.836,26840.0,23.6
2002-05-01,3197.2,251.6,43549.84,271.2,7056.0,36524.0,567.6376,266.8,16.0,27.224,748800.0,21193.516983328318,4076.0,6864.0,24.4,1150284.0,608.8,5.050821485837187,483.152,26736.0,23.2
2002-06-01,3194.8,250.8,43549.84,271.2,6868.0,36659.2,579.4696,266.4,16.8,26.6,748800.0,19457.606373305203,4092.0,7032.0,24.4,1151232.0,607.6000000000001,5.053396289433833,489.332,26804.0,23.2
2002-07-01,3203.2,250.8,43936.16,271.6,6620.0,36630.0,572.6404,266.0,16.8,25.939999999999998,712400.0,19844.282656534462,4116.0,6952.0,21.2,1152204.0,607.6000000000001,5.053396289433833,494.748,26752.0,23.2
2002-08-01,3228.4,250.8,43936.16,271.6,6532.0,36701.2,570.0932,266.4,16.0,25.16,712400.0,21450.208197622756,4052.0,6780.0,20.8,1153212.0,610.8,5.053396289433833,498.916,26804.0,22.8
2002-09-01,3237.6,252.0,43936.16,271.6,7216.0,36788.4,576.0068,266.8,15.6,24.37,712400.0,20232.36263287583,4096.0,7212.0,23.2,1154216.0,610.4,5.053396289433833,501.976,26808.0,22.8
2002-10-01,3242.0,250.8,44245.732,272.8,6592.0,36918.4,562.0956,266.4,16.0,24.45,760400.0,19635.896896664217,4104.0,7196.0,22.4,1155176.0,610.4,5.053396289433833,504.548,26756.0,22.8
2002-11-01,3306.8,250.0,44245.732,272.8,7012.0,37035.2,567.1116,265.6,16.0,24.272,760400.0,21389.75854016002,4124.0,7084.0,22.4,1156048.0,608.0,5.053396289433833,506.572,26852.0,23.6
2002-12-01,3267.2,249.6,44245.732,272.8,7152.0,37153.2,544.7976,265.2,16.0,24.189999999999998,760400.0,20681.870724182674,4132.0,7584.0,21.2,1156856.0,604.0,5.053396289433833,508.604,26800.0,24.0
2003-01-01,3271.2,250.0,44696.516,272.4,7412.0,37160.4,583.0304,265.6,16.0,23.664,744000.0,20426.924024670272,4196.0,7232.0,21.2,1157648.0,604.0,5.053396289433833,510.608,26816.0,23.2
2003-02-01,3270.8,250.0,44696.516,272.4,6516.0,37184.8,522.6828,265.6,18.0,23.37,744000.0,20937.403113330252,4176.0,7416.0,20.8,1158424.0,604.4,5.06553630840346,513.304,26668.0,23.6
2003-03-01,3284.4,249.6,44696.516,272.4,6904.0,37335.2,559.6924,265.2,16.4,22.98,744000.0,20187.51304908952,4176.0,7028.0,19.6,1159236.0,604.4,5.073757995740768,517.232,26616.0,23.6
2003-04-01,3315.6,249.6,45251.064,272.8,6572.0,37425.6,573.7208,265.6,16.4,23.25,767200.0,20546.825713973383,4172.0,7212.0,20.0,1160096.0,602.8,5.078157043503664,521.952,26756.0,24.0
2003-05-01,3316.0,249.2,45251.064,272.8,7004.0,37657.6,574.864,265.6,15.6,21.936,767200.0,21616.608248607372,4188.0,7340.0,21.2,1161000.0,604.4,5.078157043503664,527.356,26824.0,24.4
2003-06-01,3347.6,249.2,45251.064,272.8,7468.0,37821.2,586.0172,266.0,14.0,20.92,767200.0,20232.36263287583,4256.0,7500.0,20.4,1161936.0,604.8,5.078157043503664,532.9,26892.0,25.2
2003-07-01,3346.8,248.4,46266.676,273.2,7588.0,37966.4,607.212,264.8,14.4,22.53,767600.0,20817.07988837052,4312.0,7540.0,23.6,1162904.0,604.0,5.078157043503664,538.588,26940.0,24.8
2003-08-01,3360.8,248.4,46266.676,273.2,7332.0,38155.2,609.992,264.4,14.0,25.056,767600.0,19175.93231731335,4408.0,7864.0,22.8,1163896.0,602.4,5.078157043503664,543.864,27040.0,24.4
2003-09-01,3400.8,248.0,46266.676,273.2,7756.0,38330.0,619.9408,264.4,15.2,24.59,767600.0,21404.867976187878,4484.0,7844.0,19.6,1164888.0,600.8,5.078157043503664,548.304,27132.0,24.4
2003-10-01,3418.4,248.4,47088.936,274.0,7868.0,38481.6,648.4528,264.4,15.2,23.808,795200.0,21540.942176700508,4540.0,8048.0,20.0,1165852.0,598.4,5.078157043503664,551.9,27136.0,24.0
2003-11-01,3434.0,249.2,47088.936,274.0,8332.0,38752.8,627.1608,264.4,16.4,23.73,795200.0,20997.61304163545,4632.0,7672.0,20.0,1166708.0,598.0,5.078157043503664,555.06,27184.0,23.2
2003-12-01,3453.2,248.8,47088.936,274.0,8228.0,38852.8,641.084,263.6,16.0,23.504,795200.0,21359.545629719443,4732.0,7948.0,20.0,1167472.0,597.6000000000001,5.078157043503664,558.508,27308.0,22.8
2004-01-01,3465.6,249.2,47693.788,274.8,7644.0,38927.2,611.1628,264.4,15.2,22.85,850800.0,21253.8631268621,4764.0,7808.0,18.4,1168184.0,597.6000000000001,5.078157043503664,562.82,27392.0,22.8
2004-02-01,3469.2,249.2,47693.788,274.8,7384.0,39061.6,599.8024,264.0,14.8,22.54,850800.0,21389.75854016002,4788.0,7864.0,18.4,1168920.0,598.0,5.078157043503664,568.116,27352.0,22.4
2004-03-01,3502.8,248.8,47693.788,274.8,7992.0,39263.2,676.9676,264.0,14.4,21.78,850800.0,22543.679281116005,4876.0,8264.0,18.0,1169736.0,600.8,5.078157043503664,576.32,27548.0,23.2
2004-04-01,3504.8,249.2,48451.26,277.6,8012.0,39463.2,683.648,263.6,16.0,23.32,870400.0,24760.312774127466,4888.0,8280.0,19.6,1170604.0,608.4,5.085653257833006,584.72,27604.0,22.4
2004-05-01,3563.2,249.2,48451.26,277.6,7924.0,39800.0,667.4956,264.0,15.2,25.08,870400.0,24063.455492041612,4932.0,8600.0,19.2,1171488.0,614.4,5.085653257833006,593.34,27792.0,22.4
2004-06-01,3565.2,249.6,48451.26,277.6,7312.0,39953.6,644.482,264.4,15.6,25.15,870400.0,23508.670323453014,4916.0,8080.0,21.6,1172412.0,615.6000000000001,5.085653257833006,602.072,27848.0,22.4
2004-07-01,3594.4,250.0,49221.228,275.6,8008.0,40132.0,661.7252,264.4,18.0,24.224,854000.0,23878.25846137649,4988.0,8448.0,18.8,1173400.0,617.6000000000001,5.085653257833006,609.3480000000001,27908.0,22.0
2004-08-01,3613.6,249.6,49221.228,275.6,8096.0,40312.8,661.5592,264.0,17.2,23.47,854000.0,24341.751327486552,4952.0,8224.0,18.8,1174412.0,630.8,5.085653257833006,615.256,28012.0,21.6
2004-09-01,3641.6,249.2,49221.228,275.6,7620.0,40442.0,658.7092,263.2,16.4,23.016,854000.0,22574.197390425994,4988.0,8164.0,16.4,1175428.0,641.6000000000001,5.085653257833006,620.432,28116.0,21.6
2004-10-01,3673.2,249.2,50108.856,276.4,8288.0,40637.2,639.1196,263.6,15.6,22.89,915200.0,23232.189260182884,5056.0,8388.0,15.6,1176416.0,641.6000000000001,5.085653257833006,625.192,28308.0,22.0
2004-11-01,3694.0,250.0,50108.856,276.4,7128.0,40686.0,623.8868,264.0,17.2,22.92,915200.0,21995.677091060526,5072.0,8316.0,13.6,1177348.0,645.6000000000001,5.085653257833006,629.984,28364.0,21.6
2004-12-01,3709.6,249.6,50108.856,276.4,8168.0,42083.2,661.1596,263.6,16.4,23.008,915200.0,24496.618242447257,5120.0,8328.0,24.8,1178244.0,646.0,5.085653257833006,634.68,28468.0,21.6
2005-01-01,3728.4,249.6,51069.144,276.8,8576.0,40988.0,649.348,263.2,17.6,22.84,930000.0,24048.012190806225,5208.0,8556.0,10.8,1179072.0,667.2,5.088139483105492,640.52,28380.0,21.2
2005-02-01,3752.0,249.6,51069.144,276.8,8828.0,41130.8,666.4728,263.6,17.2,22.51,930000.0,24295.327138012068,5288.0,8456.0,9.2,1179820.0,675.2,5.122308983553624,647.6960000000001,28612.0,21.6
2005-03-01,3770.0,249.6,51069.144,276.8,7456.0,41391.6,658.336,263.6,16.4,23.712,930000.0,22436.926626769247,5244.0,8248.0,10.0,1180596.0,676.0,5.107808507857267,658.304,28724.0,20.8
2005-04-01,3791.6,250.8,51690.624,274.8,8244.0,41648.4,641.758,264.4,17.2,23.42,934800.0,24589.626516250544,5296.0,8600.0,8.4,1181436.0,687.2,5.131859769471594,667.9960000000001,29064.0,20.8
2005-05-01,3812.0,251.2,51690.624,274.8,8100.0,41856.4,658.5056,264.4,16.8,22.88,934800.0,27346.602885096232,5288.0,8340.0,10.4,1182328.0,688.8,5.131859769471594,678.176,29176.0,20.4
2005-06-01,3835.2,250.8,51690.624,274.8,8272.0,41992.0,658.322,264.4,17.2,22.328,934800.0,25180.203615194674,5316.0,8712.0,8.0,1183296.0,690.0,5.131859769471594,688.06,29332.0,20.0
2005-07-01,3858.8,251.2,52570.568,274.8,8216.0,42233.2,630.0596,264.4,16.8,22.78,945600.0,23955.391362924973,5352.0,8812.0,5.6,1184308.0,716.0,5.131859769471594,696.3919999999999,29412.0,20.0
2005-08-01,3859.2,251.6,52570.568,274.8,8380.0,42478.4,635.9668,264.8,18.0,23.28,945600.0,24977.868835094043,5424.0,8876.0,8.0,1185352.0,716.8,5.131859769471594,703.692,29576.0,19.6
2005-09-01,3870.4,251.2,52570.568,274.8,8604.0,42750.8,641.0052,264.4,18.8,23.096,945600.0,24512.11503781749,5508.0,9052.0,8.0,1186424.0,720.8,5.131859769471594,710.444,29660.0,20.0
2005-10-01,3891.2,251.2,53296.816,275.6,8260.0,43069.2,647.1204,264.4,18.0,24.26,974400.0,25133.48383596159,5504.0,8680.0,9.2,1187428.0,721.2,5.131859769471594,715.008,29840.0,20.0
2005-11-01,3942.8,250.8,53296.816,275.6,8588.0,43261.6,667.704,264.0,20.0,25.32,974400.0,24279.856095101164,5580.0,8872.0,10.4,1188356.0,722.4,5.131859769471594,718.692,30096.0,20.0
2005-12-01,3982.8,251.2,53296.816,275.6,7976.0,43412.4,680.442,264.0,19.6,25.088,974400.0,24806.901903895297,5620.0,8480.0,10.0,1189244.0,725.2,5.132453657772833,720.428,30132.0,19.6
2006-01-01,4032.4,251.6,54396.64,274.4,9092.0,44154.4,768.1288,264.0,21.2,24.58,990800.0,26290.61022391138,5696.0,8848.0,12.0,1190104.0,764.0,5.156502567392153,723.312,30404.0,18.8
2006-02-01,4050.8,252.0,54396.64,274.4,8476.0,44410.4,747.9308,264.4,24.4,25.01,990800.0,26479.16749929179,5692.0,8564.0,12.8,1190936.0,766.0,5.165157606736925,726.0,30656.0,19.2
2006-03-01,4071.2,252.4,54396.64,274.4,7876.0,44687.2,699.456,264.8,23.6,25.296,990800.0,29610.00062953002,5692.0,8472.0,13.2,1191800.0,781.2,5.165157606736925,730.996,30756.0,18.8
2006-04-01,4088.0,252.0,55013.695999999996,275.2,7284.0,44918.0,663.494,264.4,25.2,26.03,985200.0,26841.273750217384,5604.0,7992.0,12.4,1192680.0,786.8,5.1680259579616115,734.592,30904.0,18.8
2006-05-01,4066.4,252.4,55013.695999999996,275.2,7768.0,45004.4,642.6056,264.4,24.8,26.39,985200.0,24125.24723306991,5636.0,7620.0,11.6,1193604.0,790.4,5.1680259579616115,737.52,30852.0,18.4
2006-06-01,4031.2,252.4,55013.695999999996,275.2,7208.0,45171.2,645.3124,264.8,25.2,26.728,985200.0,26510.618286401976,5532.0,7468.0,11.6,1194612.0,791.2,5.1680259579616115,738.188,30796.0,18.4
2006-07-01,4029.2,252.0,55480.752,275.6,6948.0,45288.4,611.4908,264.4,29.2,27.05,942400.0,24698.2194672752,5452.0,7052.0,9.2,1195640.0,797.6,5.1680259579616115,738.432,30848.0,18.8
2006-08-01,4036.8,252.4,55480.752,275.6,6600.0,45387.2,615.198,264.8,26.8,26.096,942400.0,23816.585664886195,5356.0,6888.0,10.0,1196712.0,800.0,5.1680259579616115,737.62,30880.0,18.8
2006-09-01,4046.4,252.4,55480.752,275.6,6880.0,45535.6,599.8684,264.4,26.8,25.61,942400.0,25898.598103852433,5268.0,6620.0,9.6,1197808.0,804.0,5.1680259579616115,736.792,30872.0,18.0
2006-10-01,4023.2,253.2,56158.24,275.2,5964.0,45671.2,604.3468,264.8,29.2,25.43,981600.0,24450.138869199007,5132.0,6280.0,9.6,1198840.0,804.0,5.1680259579616115,736.216,30728.0,17.6
2006-11-01,3984.0,253.2,56158.24,275.2,6280.0,45917.2,613.2704,265.2,26.4,24.96,981600.0,24063.455492041612,5060.0,6140.0,10.8,1199800.0,803.6,5.1680259579616115,734.524,30664.0,18.0
2006-12-01,3958.0,253.6,56158.24,275.2,6596.0,46350.4,671.0108,265.6,26.0,24.54,981600.0,23986.257542883257,4988.0,6552.0,10.4,1200712.0,803.2,5.1680259579616115,732.916,30740.0,17.6
2007-01-01,3930.0,253.2,56862.604,274.0,5636.0,46588.4,639.9988,265.6,28.8,24.87,1029600.0,22971.63132977914,4868.0,6504.0,9.6,1201592.0,825.2,5.190679675104537,730.872,30900.0,18.4
2007-02-01,3909.2,253.2,56862.604,274.0,5920.0,46936.8,612.4988,265.2,31.6,25.14,1029600.0,20217.41071750775,4824.0,6392.0,11.2,1202432.0,817.2,5.191798926082284,729.884,30504.0,18.0
2007-03-01,3892.8,253.2,56862.604,274.0,5980.0,47285.6,617.0704,264.8,31.6,24.624,1029600.0,19963.543120372495,4768.0,6384.0,12.0,1203292.0,820.4,5.203475628432421,728.776,30824.0,17.6
2007-04-01,3867.2,252.0,57608.328,273.2,5960.0,47472.4,610.1532,263.6,29.6,24.72,968800.0,18718.0038501179,4724.0,5880.0,12.0,1204180.0,840.0,5.271828294785405,728.524,30744.0,18.0
2007-05-01,3860.4,252.0,57608.328,273.2,5660.0,47634.8,618.1128,264.0,31.2,25.048000000000002,968800.0,18673.79732087357,4656.0,5972.0,11.2,1205112.0,837.2,5.271828294785405,727.536,30692.0,17.6
2007-06-01,3856.0,252.0,57608.328,273.2,5792.0,47716.8,599.944,264.0,32.8,26.63,968800.0,17866.804745140802,4644.0,5628.0,10.8,1206112.0,833.2,5.271828294785405,726.16,30748.0,18.4
2007-07-01,3817.6,251.6,58256.468,272.0,5416.0,47822.8,601.9712,264.0,33.2,26.78,967200.0,18644.337059632067,4576.0,5444.0,10.4,1207160.0,835.2,5.271828294785405,723.972,30640.0,18.8
2007-08-01,3768.4,250.8,58256.468,272.0,5320.0,47852.4,596.4932,263.2,36.8,26.288,967200.0,18320.8446102846,4492.0,5284.0,8.8,1208256.0,833.2,5.271828294785405,720.936,30440.0,18.4
2007-09-01,3746.0,251.6,58256.468,272.0,4732.0,48102.0,599.2188,264.0,36.8,25.53,967200.0,16057.871518495931,4432.0,5044.0,9.2,1209336.0,842.8,5.271828294785405,716.488,30308.0,18.8
2007-10-01,3686.4,250.8,58860.232,271.2,5056.0,48187.2,591.1664,263.2,34.0,25.5,953600.0,16762.72191208735,4384.0,4768.0,8.8,1210360.0,840.8,5.272344232538716,710.12,30260.0,18.8
2007-11-01,3580.0,251.6,58860.232,271.2,4788.0,48411.2,606.1952,264.0,37.6,24.832,953600.0,16546.360175421913,4320.0,4896.0,7.6,1211336.0,840.4,5.272344232538716,700.648,30092.0,18.8
2007-12-01,3585.6,250.8,58860.232,271.2,4148.0,48730.8,580.1576,264.0,38.4,24.38,953600.0,15657.626269447104,4236.0,4596.0,9.6,1212248.0,836.4,5.272344232538716,693.352,29960.0,20.0
2008-01-01,3546.4,251.6,58826.152,271.6,4336.0,48911.2,594.5872,264.8,37.2,23.032,935600.0,15700.420657450584,4164.0,4376.0,10.4,1213120.0,834.0,5.274405312060665,684.308,29904.0,20.0
2008-02-01,3498.0,251.2,58826.152,271.6,4412.0,49059.6,580.89,264.0,38.8,23.67,935600.0,14891.03551546458,4100.0,4056.0,12.0,1213976.0,835.6,5.274405312060665,676.7639999999999,29812.0,19.6
2008-03-01,3469.2,250.8,58826.152,271.6,4020.0,49258.8,566.78,264.4,41.0,23.88,935600.0,13782.524845790043,4056.0,3868.0,11.6,1214828.0,835.6,5.274405312060665,671.6160000000001,29624.0,20.4
2008-04-01,3418.4,250.8,59462.804000000004,272.4,4052.0,49210.4,566.8524,263.6,41.0,23.67,941200.0,11412.284411351382,4036.0,4032.0,9.6,1215704.0,841.6,5.274405312060665,669.296,29308.0,20.0
2008-05-01,3363.2,250.0,59462.804000000004,272.4,3892.0,51517.2,550.4144,264.4,41.0,24.144,941200.0,13047.801037450126,3964.0,3980.0,27.2,1216628.0,830.8,5.270795615885285,668.084,29096.0,21.6
2008-06-01,3299.2,249.6,59462.804000000004,272.4,4184.0,50644.0,538.9384,264.4,41.0,25.28,941200.0,13047.801037450126,3900.0,4720.0,18.4,1217584.0,816.4,5.270795615885285,666.148,28852.0,22.4
2008-07-01,3250.8,248.8,59595.996,270.8,3692.0,50059.2,540.0168,264.4,41.0,25.704,906000.0,12293.253644435714,3820.0,3684.0,14.4,1218584.0,831.6,5.2728599028653145,662.852,28640.0,23.2
2008-08-01,3201.2,248.0,59595.996,270.8,3376.0,49704.0,505.7772,264.4,41.0,25.91,906000.0,11345.01439721289,3744.0,3432.0,12.4,1219612.0,831.6,5.2831175744512,657.1080000000001,28456.0,24.4
2008-09-01,3130.0,247.6,59595.996,270.8,3280.0,49780.0,490.3748,264.0,41.0,24.15,906000.0,13296.504480509677,3616.0,3188.0,15.6,1220632.0,830.0,5.285665552376413,647.648,28176.0,24.4
2008-10-01,3065.6,246.8,58432.836,270.0,3108.0,49786.0,473.846,264.0,41.0,24.8,890000.0,11858.059603217758,3504.0,2944.0,19.6,1221612.0,831.2,5.315249036909713,636.6519999999999,27868.0,26.0
2008-11-01,2990.0,245.6,58432.836,270.0,2608.0,49548.4,441.9164,263.6,41.0,24.35,890000.0,12143.334537165028,3368.0,2504.0,24.0,1222480.0,829.2,5.315249036909713,624.288,27252.0,27.2
2008-12-01,2929.6,244.0,58432.836,270.0,2240.0,48954.0,414.9472,263.2,41.0,21.144,890000.0,11398.824643792015,3224.0,2216.0,23.2,1223308.0,827.6,5.315249036909713,610.18,26804.0,29.2
2009-01-01,2848.4,242.4,57723.608,269.6,1960.0,48502.4,380.998,262.8,41.0,20.19,833600.0,8206.195881279022,3132.0,2180.0,23.6,1224140.0,844.4,5.315249036909713,597.452,26268.0,31.2
2009-02-01,2755.2,241.2,57723.608,269.6,2328.0,48029.6,390.7488,263.2,41.0,20.52,833600.0,8742.042158420081,3024.0,2232.0,21.6,1224948.0,828.8,5.315249036909713,590.472,25784.0,33.2
2009-03-01,2668.4,239.6,57723.608,269.6,2020.0,47861.2,347.524,262.4,41.0,20.01,833600.0,8999.311719199568,2868.0,2052.0,23.2,1225752.0,820.4,5.315249036909713,586.06,25164.0,34.8
2009-04-01,2623.2,239.2,57524.944,269.6,1912.0,48037.6,327.8812,262.8,41.0,19.24,883600.0,9089.670464792664,2708.0,2084.0,26.0,1226580.0,838.0,5.315249036909713,587.7719999999999,24616.0,36.0
2009-05-01,2575.6,238.4,57524.944,269.6,2160.0,48718.4,315.4948,262.8,37.2,19.43,883600.0,8729.213895659557,2600.0,2224.0,31.2,1227452.0,830.4,5.314754879737388,592.6759999999999,24400.0,37.6
2009-06-01,2539.6,237.6,57524.944,269.6,2340.0,48171.6,315.0996,262.8,34.0,21.68,883600.0,8460.604662285717,2508.0,2404.0,24.4,1228360.0,819.6,5.314754879737388,599.188,24040.0,38.0
2009-07-01,2516.4,237.2,57795.528,269.6,2376.0,47993.6,318.7812,262.0,31.6,20.888,857200.0,8460.604662285717,2444.0,2380.0,21.6,1229288.0,812.4,5.314754879737388,602.996,23728.0,38.0
2009-08-01,2483.2,236.4,57795.528,269.6,2344.0,48044.8,308.7992,261.6,30.0,20.77,857200.0,8396.872539769249,2352.0,2464.0,17.6,1230280.0,808.4,5.314754879737388,602.6759999999999,23420.0,38.4
2009-09-01,2451.2,234.8,57795.528,269.6,2340.0,48244.4,305.468,260.4,31.2,20.23,857200.0,7501.388793703617,2304.0,2436.0,22.0,1231304.0,807.6,5.314754879737388,598.512,23148.0,38.4
2009-10-01,2425.6,234.0,58604.996,268.8,2136.0,48277.6,271.0048,260.0,29.6,19.808,876000.0,7814.640179812841,2216.0,2332.0,20.4,1232284.0,802.4,5.314754879737388,594.34,22864.0,38.4
2009-11-01,2409.2,234.4,58604.996,268.8,2352.0,48518.4,297.4996,260.0,30.4,19.5,876000.0,9063.83716375725,2128.0,2492.0,22.0,1233156.0,799.6,5.314754879737388,591.756,22784.0,38.4
2009-12-01,2384.8,233.2,58604.996,268.8,2324.0,48752.8,279.2008,258.4,32.0,19.72,876000.0,7864.970944192768,2068.0,2656.0,21.6,1233980.0,794.0,5.314754879737388,586.656,22616.0,38.4
2010-01-01,2332.4,234.0,59058.44,268.8,2456.0,49070.8,273.9112,259.2,32.4,20.12,891600.0,7103.804847488231,2004.0,2544.0,22.4,1234824.0,793.6,5.312280406165536,580.012,22320.0,38.4
2010-02-01,2313.2,234.0,59058.44,268.8,2416.0,49070.4,265.4032,259.6,33.2,19.96,891600.0,6869.580552495843,1972.0,2600.0,21.2,1235616.0,791.6,5.312280406165536,572.212,22000.0,38.4
2010-03-01,2321.2,234.0,59058.44,268.8,2544.0,49323.6,297.5376,259.6,28.4,19.87,891600.0,6441.816355025314,1968.0,2748.0,21.2,1236380.0,785.2,5.312280406165536,574.388,22148.0,38.4
2010-04-01,2319.2,234.8,59920.772,267.6,2748.0,49767.2,334.3724,260.8,24.8,20.392,878000.0,7701.6072184458235,1952.0,2548.0,24.0,1237156.0,778.4,5.309799763878407,581.616,22212.0,38.4
2010-05-01,2312.4,234.4,59920.772,267.6,2332.0,50174.8,324.2156,259.6,37.2,19.55,878000.0,7264.859154399424,1904.0,2300.0,25.6,1237940.0,773.2,5.309799763878407,588.16,22080.0,38.4
2010-06-01,2308.8,234.0,59920.772,267.6,2144.0,50202.8,319.8444,258.4,33.2,18.95,878000.0,9713.573528533161,1788.0,2348.0,24.8,1238764.0,769.2,5.309799763878407,590.8240000000001,22064.0,37.6
2010-07-01,2280.8,234.0,60566.428,266.8,2184.0,50354.8,312.2504,258.4,35.6,18.256,896400.0,5684.47453250263,1772.0,2316.0,24.4,1239652.0,766.8,5.309799763878407,590.264,22032.0,37.6
2010-08-01,2274.8,234.4,60566.428,266.8,2396.0,50611.6,323.5464,258.8,35.2,17.71,896400.0,5923.0869661943925,1776.0,2320.0,24.8,1240584.0,766.0,5.309799763878407,585.724,22096.0,38.0
2010-09-01,2272.0,234.0,60566.428,266.8,2376.0,50693.6,322.932,258.4,30.4,17.384,896400.0,6405.378799667584,1756.0,2252.0,24.4,1241540.0,763.2,5.309799763878407,578.448,22004.0,38.0
2010-10-01,2253.2,233.2,61237.896,266.0,2172.0,50894.4,331.7316,257.6,32.8,16.9,897200.0,6079.100494383847,1744.0,2232.0,23.6,1242448.0,760.0,5.309799763878407,572.5319999999999,22032.0,37.6
2010-11-01,2243.2,232.8,61237.896,266.0,2180.0,51062.0,330.722,258.4,32.8,17.2,897200.0,5447.606967697341,1724.0,2240.0,23.2,1243280.0,754.0,5.309799763878407,567.2919999999999,22024.0,38.4
2010-12-01,2238.8,233.2,61237.896,266.0,2156.0,51492.4,321.2904,257.2,28.0,18.856,897200.0,5601.370152898207,1708.0,2528.0,24.8,1244080.0,751.6,5.309799763878407,562.528,21868.0,37.2
2011-01-01,2227.6,233.2,61405.792,266.0,2520.0,52322.8,316.2084,256.8,29.2,19.02,907600.0,5072.361984036712,1724.0,2304.0,26.4,1244816.0,743.2,5.309799763878407,556.16,21708.0,36.4
2011-02-01,2236.0,233.6,61405.792,266.0,2068.0,52622.4,331.212,256.4,32.4,19.81,907600.0,6199.593294821651,1696.0,2168.0,27.6,1245492.0,741.6,5.309799763878407,550.94,21804.0,36.0
2011-03-01,2249.6,233.6,61405.792,266.0,2400.0,52712.8,321.442,256.8,28.8,19.344,907600.0,5911.115570278304,1680.0,2332.0,25.2,1246204.0,746.0,5.309799763878407,551.1519999999999,21908.0,36.0
2011-04-01,2254.0,233.6,62230.156,264.0,2216.0,52851.2,320.8616,256.8,26.8,19.36,912400.0,5412.230082275508,1668.0,2324.0,25.2,1246960.0,756.0,5.309799763878407,556.64,21940.0,36.4
2011-05-01,2240.4,233.2,62230.156,264.0,2244.0,52956.4,332.162,256.4,26.4,18.55,912400.0,5412.230082275508,1660.0,2472.0,25.2,1247740.0,752.0,5.323612379517739,562.776,22064.0,36.0
2011-06-01,2270.0,232.8,62230.156,264.0,2432.0,53182.8,342.0344,256.0,26.4,18.04,912400.0,5767.792634895346,1664.0,2544.0,26.0,1248588.0,747.6,5.323612379517739,567.784,22112.0,36.4
2011-07-01,2260.4,232.8,62590.72,264.4,2492.0,53503.2,346.4896,256.0,26.8,18.18,894000.0,6429.666450450311,1668.0,2484.0,26.8,1249488.0,754.4,5.323612379517739,569.372,22188.0,36.0
2011-08-01,2257.6,233.2,62590.72,264.4,2340.0,53601.2,353.7692,256.4,26.0,17.08,894000.0,6187.525301718003,1656.0,2588.0,26.8,1250420.0,751.2,5.323612379517739,567.148,22208.0,36.0
2011-09-01,2262.4,233.6,62590.72,264.4,2600.0,53606.0,350.0312,256.8,25.2,16.424,894000.0,6055.052051725822,1668.0,2440.0,25.6,1251368.0,757.2,5.323612379517739,560.6759999999999,22336.0,36.0
2011-10-01,2286.8,233.6,63369.036,263.6,2440.0,53625.6,353.2136,256.4,24.0,16.27,884400.0,5613.229050604542,1688.0,2684.0,25.2,1252240.0,723.2,5.326547445532314,553.644,22352.0,35.2
2011-11-01,2287.6,234.4,63369.036,263.6,2844.0,53678.8,351.0284,256.4,22.8,15.969999999999999,884400.0,5839.376848277932,1732.0,2824.0,25.6,1253040.0,727.6,5.326547445532314,546.668,22372.0,34.4
2011-12-01,2300.0,234.4,63369.036,263.6,2776.0,54195.6,369.4704,256.0,21.2,15.832,884400.0,6139.294832491512,1736.0,2788.0,28.8,1253816.0,730.0,5.326058868632901,540.672,22444.0,34.0
2012-01-01,2300.8,233.6,64275.22,262.4,2892.0,54526.4,383.3612,254.8,21.2,15.66,953600.0,5365.123817295512,1764.0,2848.0,29.6,1254544.0,741.6,5.326058868632901,536.672,22504.0,33.2
2012-02-01,2307.2,234.0,64275.22,262.4,2816.0,54924.4,381.3896,255.2,19.2,15.56,953600.0,5553.978621452884,1800.0,2952.0,29.2,1255244.0,743.2,5.326058868632901,535.988,22516.0,33.2
2012-03-01,2292.0,234.0,64275.22,262.4,2780.0,55194.0,374.438,255.2,19.6,15.816,953600.0,5803.5653567936015,1832.0,3224.0,30.4,1255972.0,740.8,5.326058868632901,543.46,22500.0,32.8
2012-04-01,2288.0,233.6,64828.46,262.4,3012.0,55472.4,379.4756,254.8,19.6,15.64,954800.0,6881.8733480192495,1852.0,2928.0,31.6,1256704.0,748.8,5.326058868632901,553.884,22472.0,32.8
2012-05-01,2296.0,234.0,64828.46,262.4,2832.0,55401.2,371.0804,254.8,18.8,15.192,954800.0,6332.61344618717,1896.0,3184.0,31.6,1257472.0,754.8,5.333362454530236,564.192,22416.0,32.8
2012-06-01,2304.8,234.4,64828.46,262.4,3028.0,55348.4,365.786,255.2,19.2,14.7,954800.0,6320.500169180506,1944.0,3176.0,31.6,1258304.0,755.2,5.332877212888115,572.6759999999999,22484.0,32.8
2012-07-01,2333.6,234.0,65278.164,261.6,2960.0,55011.6,360.2324,254.8,18.4,14.2,995200.0,6943.395590213094,1960.0,3396.0,28.0,1259184.0,753.2,5.332877212888115,577.128,22528.0,32.8
2012-08-01,2339.2,233.6,65278.164,261.6,3016.0,55074.0,360.586,254.0,18.4,14.408,995200.0,7042.032164154537,1980.0,3360.0,26.8,1260124.0,756.0,5.332877212888115,578.82,22592.0,32.4
2012-09-01,2346.0,234.8,65278.164,261.6,3388.0,55656.4,359.1208,254.4,18.0,13.99,995200.0,6648.980189167768,2044.0,3720.0,28.8,1261056.0,756.4,5.332877212888115,577.432,22644.0,31.2
2012-10-01,2330.8,235.2,65681.676,261.2,3660.0,56196.8,365.9088,255.2,19.6,13.530000000000001,1006800.0,7613.896231543958,2080.0,3548.0,31.2,1261940.0,755.2,5.332877212888115,575.872,22696.0,31.2
2012-11-01,2363.6,234.8,65681.676,261.2,3332.0,56922.8,383.6548,254.4,18.4,13.408,1006800.0,6845.006647584501,2136.0,3668.0,34.8,1262768.0,756.4,5.332877212888115,575.844,22736.0,30.8
2012-12-01,2378.8,234.8,65681.676,261.2,3904.0,58325.6,384.5896,254.8,18.0,13.38,1006800.0,6955.711662666731,2204.0,3764.0,43.6,1263508.0,753.2,5.332877212888115,575.476,22896.0,31.6
2013-01-01,2382.4,234.4,66592.756,260.8,3552.0,55521.6,395.628,254.8,16.0,13.656,1033600.0,7414.089770058243,2236.0,3760.0,19.6,1264152.0,778.8,5.336268946230287,577.252,22984.0,32.0
2013-02-01,2391.6,234.4,66592.756,260.8,3848.0,55608.0,402.5948,253.6,16.4,14.13,1033600.0,7601.380709438263,2324.0,3920.0,18.8,1264764.0,777.6,5.336268946230287,580.6519999999999,23136.0,30.8
2013-03-01,2407.6,234.0,66592.756,260.8,4040.0,55728.8,402.2988,253.2,16.8,14.26,1033600.0,8703.567498874652,2384.0,3744.0,19.2,1265428.0,778.4,5.336268946230287,591.8480000000001,23208.0,30.0
2013-04-01,2430.4,234.4,66914.748,260.4,3340.0,55899.6,382.2748,253.6,17.6,13.780000000000001,1072400.0,7389.180620455733,2424.0,4048.0,20.4,1266140.0,784.8,5.347810764984695,603.876,23184.0,30.4
2013-05-01,2441.6,234.4,66914.748,260.4,3720.0,56210.0,398.2428,253.6,18.4,14.144,1072400.0,7339.407086948256,2480.0,4012.0,21.2,1266916.0,790.0,5.347810764984695,615.44,23316.0,30.0
2013-06-01,2443.2,234.4,66914.748,260.4,3356.0,56335.6,404.4628,253.6,16.4,16.28,1072400.0,7689.066138277014,2516.0,3768.0,21.6,1267736.0,790.0,5.347810764984695,625.712,23420.0,30.0
2013-07-01,2442.4,234.8,67815.352,260.8,3520.0,56288.0,407.7176,253.2,22.0,17.48,1059200.0,8295.080926917406,2560.0,3988.0,20.8,1268624.0,788.8,5.347810764984695,633.1519999999999,23436.0,29.2
2013-08-01,2455.2,234.8,67815.352,260.8,3668.0,56469.2,412.572,253.2,22.0,17.824,1059200.0,8054.221347155311,2616.0,3856.0,20.8,1269588.0,790.8,5.338201902169501,637.5840000000001,23512.0,28.8
2013-09-01,2460.4,234.8,67815.352,260.8,3400.0,56726.8,420.602,252.8,21.6,17.96,1059200.0,8193.51199924139,2644.0,4016.0,21.2,1270540.0,790.4,5.338201902169501,638.7,23640.0,28.8
2013-10-01,2484.8,233.2,68768.076,260.4,3700.0,56609.2,413.6696,251.2,19.6,16.768,1094400.0,8511.65227545546,2680.0,4176.0,18.8,1271456.0,791.6,5.338201902169501,638.232,23724.0,28.8
2013-11-01,2503.2,234.4,68768.076,260.4,4400.0,56838.4,400.8192,252.0,20.0,17.02,1094400.0,8999.311719199568,2748.0,4116.0,18.0,1272304.0,792.0,5.338201902169501,637.46,23852.0,27.6
2013-12-01,2514.4,234.8,68768.076,260.4,4008.0,57066.0,396.8076,251.6,20.8,17.83,1094400.0,8218.883265152377,2828.0,4020.0,18.0,1273104.0,789.6,5.338201902169501,637.128,23728.0,26.8
2014-01-01,2529.6,235.2,68790.952,259.6,3552.0,57476.8,387.3116,251.6,20.4,17.728,1100800.0,8986.416562728748,2852.0,3904.0,20.8,1273856.0,803.2,5.362994551623944,637.48,23940.0,26.4
2014-02-01,2566.4,234.8,68790.952,259.6,3776.0,57825.6,386.6556,251.6,21.2,17.21,1100800.0,9478.739244079063,2856.0,4156.0,21.2,1274568.0,796.8,5.362994551623944,639.488,24028.0,26.8
2014-03-01,2569.6,235.6,68790.952,259.6,3880.0,58220.0,392.838,252.4,22.4,17.37,1100800.0,9700.500119273884,2904.0,4268.0,20.8,1275308.0,797.2,5.362994551623944,644.756,24152.0,26.8
2014-04-01,2602.0,235.6,70074.032,259.2,4172.0,58498.0,399.4488,251.2,22.8,17.35,1152000.0,8934.869139278378,2972.0,4360.0,21.6,1276080.0,828.0,5.362994551623944,651.876,24336.0,24.8
2014-05-01,2600.0,235.6,70074.032,259.2,4028.0,58758.0,412.988,251.6,20.8,16.768,1152000.0,9674.362812961142,3016.0,4072.0,22.4,1276900.0,828.4,5.362994551623944,658.7360000000001,24436.0,25.2
2014-06-01,2628.4,236.0,70074.032,259.2,3644.0,59040.4,408.0196,251.2,22.8,16.65,1152000.0,8498.885224909227,3084.0,4040.0,22.4,1277752.0,828.0,5.362994551623944,664.8560000000001,24532.0,24.4
2014-07-01,2660.4,236.0,71216.912,257.2,4340.0,59284.4,419.192,251.6,24.8,16.52,1124000.0,8999.311719199568,3160.0,4304.0,22.0,1278680.0,828.0,5.362994551623944,668.552,24712.0,24.8
2014-08-01,2679.2,236.0,71216.912,257.2,3936.0,59576.8,413.9288,251.6,21.6,16.46,1124000.0,9896.932684498652,3172.0,4188.0,21.2,1279676.0,831.2,5.362994551623944,669.808,24840.0,24.4
2014-09-01,2709.2,236.4,71216.912,257.2,4092.0,59804.8,425.6408,251.2,21.6,16.65,1124000.0,10782.822336284566,3188.0,4308.0,22.0,1280664.0,835.2,5.362994551623944,668.972,24968.0,23.6
2014-10-01,2696.4,237.2,71648.316,255.6,4296.0,60090.8,429.90840000000003,251.6,21.2,16.144,1195600.0,10054.586587249629,3224.0,4376.0,21.6,1281612.0,842.0,5.362994551623944,667.644,25036.0,22.8
2014-11-01,2706.8,236.8,71648.316,255.6,4004.0,60376.0,399.976,251.6,22.8,15.99,1195600.0,9309.783422412875,3256.0,4236.0,22.4,1282464.0,841.2,5.362994551623944,666.6360000000001,25088.0,23.2
2014-12-01,2690.4,237.2,71648.316,255.6,4292.0,60683.6,431.2576,251.2,20.4,15.456,1195600.0,10516.94781225396,3304.0,4288.0,24.0,1283260.0,840.0,5.363465332576204,665.8439999999999,25172.0,22.4
2015-01-01,2720.4,237.2,72254.116,255.2,4340.0,60923.2,432.0784,251.6,19.2,14.68,1156800.0,10503.685660566514,3320.0,4196.0,25.2,1283988.0,869.2,5.368629279471984,665.0039999999999,25280.0,22.8
2015-02-01,2721.6,236.8,72254.116,255.2,3544.0,61253.2,393.2936,250.8,18.0,14.84,1156800.0,9309.783422412875,3320.0,4508.0,25.6,1284656.0,870.8,5.368629279471984,666.5319999999999,25444.0,22.0
2015-03-01,2728.4,236.8,72254.116,255.2,3840.0,61256.8,392.2504,250.4,20.4,15.08,1156800.0,8256.966395586169,3372.0,4288.0,23.6,1285376.0,869.2,5.368629279471984,672.36,25336.0,21.6
2015-04-01,2738.8,237.2,73119.136,254.0,4760.0,61494.0,411.5356,251.2,19.6,14.688,1156400.0,11130.236869956294,3472.0,4664.0,23.6,1286152.0,900.0,5.3695653072625955,679.88,25568.0,21.6
2015-05-01,2760.0,237.6,73119.136,254.0,4316.0,61770.8,418.8488,251.6,20.0,15.36,1156400.0,11277.81659422077,3512.0,5088.0,23.2,1286960.0,897.6,5.3695653072625955,687.4,25708.0,22.4
2015-06-01,2754.0,237.6,73119.136,254.0,4820.0,61916.0,429.7228,250.8,21.6,15.93,1156400.0,10609.867344081198,3584.0,5516.0,22.8,1287816.0,894.8,5.3695653072625955,693.804,25764.0,21.2
2015-07-01,2790.8,237.2,73606.504,254.4,4584.0,62074.4,451.538,250.4,20.8,16.184,1183200.0,10956.28042554707,3632.0,4560.0,22.4,1288744.0,895.6,5.3695653072625955,697.984,25888.0,20.8
2015-08-01,2792.8,237.6,73606.504,254.4,4520.0,62202.0,457.5172,250.4,20.0,15.62,1183200.0,10769.500183528446,3684.0,4660.0,22.4,1289708.0,899.2,5.3695653072625955,699.752,25960.0,20.4
2015-09-01,2799.2,236.8,73606.504,254.4,4896.0,62282.0,458.0924,249.6,23.6,15.56,1183200.0,11655.050486092914,3756.0,4576.0,23.2,1290680.0,896.4,5.3695653072625955,700.18,26032.0,20.0
2015-10-01,2810.4,237.2,73740.548,254.8,4232.0,62432.0,452.964,250.0,22.4,15.184,1210000.0,10916.207232081446,3772.0,4640.0,23.2,1291604.0,897.2,5.3695653072625955,700.204,26188.0,20.0
2015-11-01,2835.6,237.6,73740.548,254.8,4688.0,62461.6,451.0088,250.0,22.0,15.77,1210000.0,11116.838018057475,3848.0,4976.0,22.4,1292452.0,895.2,5.3695653072625955,700.572,26392.0,20.4
2015-12-01,2851.6,238.4,73740.548,254.8,4584.0,62673.6,479.3824,250.8,20.4,15.856,1210000.0,11425.747057242043,3880.0,4844.0,23.2,1293272.0,896.4,5.3695653072625955,700.4680000000001,26520.0,20.0
2016-01-01,2856.8,238.8,74103.732,254.0,4368.0,62782.0,467.1552,250.8,22.4,15.49,1199200.0,11871.616125510896,3872.0,4684.0,24.4,1294036.0,926.0,5.3990627034326195,700.152,26524.0,19.2
2016-02-01,2868.0,239.2,74103.732,254.0,4900.0,62783.6,476.2504,251.2,22.0,14.64,1199200.0,11614.525204266007,3928.0,4688.0,22.4,1294748.0,917.2,5.3990627034326195,701.132,26560.0,19.6
2016-03-01,2882.0,239.2,74103.732,254.0,4444.0,62926.4,475.6036,252.0,22.0,14.776,1199200.0,11157.043335769502,3948.0,4472.0,23.6,1295484.0,918.4,5.399970559243291,706.4119999999999,26712.0,20.0
2016-04-01,2904.8,238.8,74846.808,252.4,4652.0,63035.6,438.4768,251.6,20.0,14.42,1224000.0,10384.46262869141,3992.0,4640.0,22.0,1296244.0,933.6,5.403141550364563,713.988,26808.0,20.4
2016-05-01,2907.2,238.8,74846.808,252.4,4592.0,63108.8,430.9968,250.8,20.4,14.4,1224000.0,11116.838018057475,4040.0,4820.0,21.2,1297040.0,932.8,5.403141550364563,721.38,26756.0,19.2
2016-06-01,2909.6,238.8,74846.808,252.4,4812.0,63285.6,443.098,250.8,21.2,14.272,1224000.0,12594.089275665056,4064.0,4832.0,19.6,1297904.0,934.8,5.403141550364563,727.668,26804.0,19.6
2016-07-01,2912.4,239.2,75570.556,253.6,4956.0,63566.0,423.2652,251.2,18.0,13.76,1215200.0,12088.901600227846,4132.0,4792.0,20.4,1298788.0,941.6,5.403141550364563,732.08,26940.0,19.2
2016-08-01,2937.2,239.2,75570.556,253.6,4684.0,63725.2,421.0092,251.6,20.0,13.74,1215200.0,11844.505894619666,4152.0,4804.0,20.4,1299696.0,940.4,5.403141550364563,734.632,26944.0,19.6
2016-09-01,2979.6,238.8,75570.556,253.6,4272.0,63996.4,421.0876,251.6,20.8,13.84,1215200.0,11587.52258901261,4152.0,5212.0,20.4,1300620.0,939.6,5.403141550364563,735.792,27072.0,20.0
2016-10-01,2975.2,238.8,76357.516,254.0,5252.0,64237.6,424.8072,251.2,20.8,13.88,1243600.0,12061.701814787579,4212.0,5016.0,21.2,1301472.0,938.8,5.403141550364563,736.088,27196.0,19.6
2016-11-01,2976.0,238.8,76357.516,254.0,4560.0,64430.4,428.366,250.8,20.8,15.08,1243600.0,14468.236751917153,4168.0,4920.0,21.6,1302248.0,939.6,5.403141550364563,736.936,27292.0,18.8
2016-12-01,2967.6,238.8,76357.516,254.0,5008.0,64730.0,413.8088,250.8,21.6,16.792,1243600.0,12484.541465806633,4228.0,4992.0,20.0,1302968.0,935.6,5.403141550364563,737.624,27272.0,18.8
2017-01-01,2977.2,239.6,77120.336,254.4,4760.0,65173.2,414.6668,251.2,21.6,16.6,1252400.0,12211.438117397463,4252.0,5184.0,21.2,1303604.0,955.6,5.410800737002161,738.628,27360.0,18.8
2017-02-01,2990.4,240.0,77120.336,254.4,5084.0,65454.0,437.4712,251.6,21.2,16.67,1252400.0,13130.606942573204,4280.0,4948.0,22.4,1304200.0,957.6,5.410800737002161,740.092,27524.0,18.4
2017-03-01,2986.0,240.8,77120.336,254.4,4760.0,65660.4,416.5092,251.6,20.0,16.784,1252400.0,13116.79932649912,4284.0,5092.0,22.4,1304828.0,957.2,5.409902708737843,746.128,27608.0,17.6
2017-04-01,2980.4,240.8,77754.572,255.6,4584.0,65904.0,397.9132,252.0,21.6,16.18,1272800.0,12048.106099316676,4300.0,4956.0,22.8,1305484.0,981.2,5.4188467453017966,754.184,27664.0,17.6
2017-05-01,2988.8,240.4,77754.572,255.6,4628.0,66292.8,394.1044,251.2,20.4,16.04,1272800.0,13435.041773345776,4284.0,4820.0,25.2,1306192.0,982.0,5.4188467453017966,762.172,27724.0,17.6
2017-06-01,2990.0,240.4,77754.572,255.6,4996.0,66416.0,394.2312,251.2,21.2,15.616,1272800.0,14355.869026905984,4292.0,5412.0,24.0,1306972.0,981.6,5.4188467453017966,769.084,27848.0,17.2
2017-07-01,3012.8,240.8,78770.38,255.6,4824.0,66663.6,387.0736,251.6,23.2,15.87,1282000.0,13476.653992108464,4300.0,5016.0,24.0,1307756.0,982.4,5.4188467453017966,774.064,27872.0,17.2
2017-08-01,3010.8,240.4,78770.38,255.6,4636.0,66934.8,387.5224,251.6,24.4,15.52,1282000.0,12566.685997445542,4332.0,5344.0,24.4,1308560.0,982.4,5.451688983093127,777.404,28008.0,17.6
2017-09-01,3008.8,241.6,78770.38,255.6,4724.0,67367.6,387.516,252.4,21.2,15.219999999999999,1282000.0,12648.92839946704,4372.0,5108.0,23.6,1309368.0,978.8,5.539455632957234,779.288,28052.0,17.2
2017-10-01,3038.8,240.4,80148.352,256.0,5028.0,67723.2,395.80240000000003,250.8,22.0,15.58,1351600.0,13796.457793092706,4404.0,5440.0,24.0,1310112.0,975.2,5.539455632957234,780.3560000000001,28124.0,16.8
2017-11-01,3053.2,240.4,80148.352,256.0,5092.0,67990.0,407.5136,250.8,19.2,15.688,1351600.0,13601.631334285717,4428.0,5180.0,22.4,1310796.0,973.6,5.539455632957234,781.828,28272.0,16.8
2017-12-01,3090.0,240.4,80148.352,256.0,4708.0,68232.8,408.2504,250.8,22.4,15.8,1351600.0,13852.215292361547,4400.0,5248.0,20.0,1311392.0,973.2,5.539455632957234,783.408,28364.0,16.4
2018-01-01,3106.8,240.4,81314.212,256.8,5196.0,68566.8,400.1124,250.8,24.0,16.13,1327200.0,13963.853381438412,4420.0,5244.0,22.8,1311876.0,987.2,5.469618226282497,784.4760000000001,28372.0,16.0
2018-02-01,3140.8,241.6,81314.212,256.8,5108.0,68816.4,405.5644,252.0,22.8,17.32,1327200.0,15089.10130061928,4436.0,5324.0,23.2,1312340.0,986.4,5.469618226282497,787.632,28736.0,16.4
2018-03-01,3151.6,241.6,81314.212,256.8,5272.0,69072.8,401.2088,251.6,20.8,17.776,1327200.0,13587.734564927641,4484.0,5524.0,23.6,1312876.0,986.0,5.509426256561747,794.304,28776.0,16.0
2018-04-01,3171.6,241.6,82323.648,258.0,5104.0,69314.8,409.8404,251.6,22.4,17.87,1262400.0,14187.619212455715,4496.0,5460.0,24.0,1313456.0,992.4,5.518329099555704,802.4760000000001,28848.0,16.0
2018-05-01,3192.4,242.0,82323.648,258.0,5428.0,69617.6,421.098,251.6,22.0,18.344,1262400.0,14721.648321452274,4524.0,5324.0,24.0,1314084.0,996.8,5.527552304996389,809.828,29096.0,15.2
2018-06-01,3208.8,242.0,82323.648,258.0,4768.0,69953.6,412.3136,252.0,23.2,18.28,1262400.0,14019.733776899793,4504.0,5352.0,25.2,1314768.0,1004.0,5.527552304996389,816.188,29168.0,16.0
2018-07-01,3212.0,242.4,83194.92,257.6,4832.0,70350.4,414.7536,252.0,24.0,18.11,1323600.0,13158.230119776998,4508.0,5332.0,26.0,1315452.0,1001.2,5.527951382985847,819.816,29272.0,15.2
2018-08-01,3208.4,241.2,83194.92,257.6,5152.0,70656.0,412.0184,250.4,26.0,18.2,1323600.0,14721.648321452274,4516.0,5172.0,26.4,1316160.0,998.4,5.549658025599772,821.328,29388.0,15.2
2018-09-01,3215.2,241.6,83194.92,257.6,5000.0,70774.0,403.0584,251.2,26.4,18.51,1323600.0,13671.154063686108,4540.0,5280.0,27.2,1316864.0,998.8,5.549658025599772,821.512,29500.0,14.8
2018-10-01,3213.6,242.0,83671.468,258.4,4884.0,70999.2,400.3604,251.6,28.8,19.32,1291200.0,12772.474685299358,4564.0,5120.0,26.8,1317516.0,1001.2,5.549658025599772,821.492,29556.0,15.2
2018-11-01,3235.2,242.4,83671.468,258.4,4724.0,71182.8,381.23,251.6,25.6,19.464,1291200.0,12896.23907321045,4576.0,5336.0,26.0,1318108.0,999.6,5.549658025599772,820.444,29544.0,15.2
2018-12-01,3250.8,242.4,83671.468,258.4,4380.0,72049.6,385.3352,252.0,30.4,18.55,1291200.0,11830.95500162402,4592.0,5280.0,33.6,1318636.0,999.6,5.54339200639724,818.812,29584.0,15.6
2019-01-01,3264.8,242.4,84416.532,256.8,4928.0,72215.6,410.5952,252.4,28.0,17.856,1252000.0,14665.265028759477,4608.0,5016.0,32.8,1319064.0,1010.8,5.550048346126178,816.836,29696.0,16.0
2019-02-01,3254.8,242.8,84416.532,256.8,4512.0,72605.6,395.6748,252.4,25.6,17.48,1252000.0,15743.236496679854,4560.0,5208.0,34.0,1319448.0,1008.4,5.549267552068365,817.756,29584.0,15.2
2019-03-01,3267.6,242.4,84416.532,256.8,4780.0,72918.0,389.6288,252.0,22.8,17.06,1252000.0,15273.447830772016,4500.0,5164.0,31.6,1319908.0,1004.8,5.556660501135463,823.144,29688.0,15.2
2019-04-01,3244.0,242.4,85539.1,257.2,5068.0,73048.4,394.126,251.6,23.2,16.57,1290000.0,15671.888679847802,4492.0,5192.0,30.8,1320412.0,1022.4,5.560143365610799,830.792,29836.0,14.4
2019-05-01,3248.8,242.4,85539.1,257.2,5228.0,73108.0,392.798,251.6,26.8,16.288,1290000.0,14215.63561293524,4528.0,5352.0,29.2,1320960.0,1032.4,5.5724291869157545,837.444,29944.0,14.8
2019-06-01,3262.4,242.8,85539.1,257.2,4912.0,73242.0,392.168,252.0,20.8,15.21,1290000.0,13421.176258099496,4568.0,5204.0,28.4,1321572.0,1030.8,5.563229055269387,842.392,30044.0,14.4
2019-07-01,3270.0,243.2,86777.128,258.8,4980.0,73314.4,409.8052,252.4,23.6,15.06,1273600.0,14117.622518864113,4584.0,5388.0,27.2,1322212.0,1022.0,5.560529599938764,845.396,30100.0,14.8
2019-08-01,3298.8,243.2,86777.128,258.8,5468.0,73694.4,413.3568,252.4,21.6,14.464,1273600.0,15174.133253802715,4596.0,6112.0,28.0,1322916.0,1021.6,5.555496834967031,846.832,30120.0,14.8
2019-09-01,3303.2,244.0,86777.128,258.8,5200.0,73897.6,424.4184,252.8,21.6,14.42,1273600.0,13158.230119776998,4644.0,5964.0,28.8,1323616.0,1022.0,5.560529599938764,847.544,30204.0,14.0
2019-10-01,3314.4,244.0,87609.56,260.0,5328.0,74198.0,409.8852,253.2,21.2,14.752,1308400.0,15174.133253802715,4640.0,6152.0,29.2,1324264.0,1021.6,5.551608100581557,847.916,30224.0,14.4
2019-11-01,3322.8,244.0,87609.56,260.0,5384.0,74522.8,389.0364,253.2,21.6,14.780000000000001,1308400.0,14468.236751917153,4660.0,6088.0,28.4,1324852.0,1020.4,5.55472030162612,848.468,30180.0,14.4
2019-12-01,3312.8,244.0,87609.56,260.0,6204.0,74335.2,400.0236,253.2,22.4,14.88,1308400.0,15401.312362333822,4708.0,5844.0,25.6,1325380.0,1020.0,5.557822809520105,848.992,30112.0,14.4
2020-01-01,3313.6,244.4,86826.052,261.2,6288.0,75286.0,431.972,253.2,22.8,14.496,1316000.0,15287.645328374107,4780.0,6000.0,28.8,1325772.0,1016.8,5.5585969290185755,849.636,30320.0,14.0
2020-02-01,3348.8,244.4,86826.052,261.2,6260.0,75702.4,423.3624,253.2,22.4,13.86,1316000.0,14848.655425852252,4852.0,5760.0,30.8,1326100.0,1015.6,5.561687405216595,852.916,30432.0,14.0
2020-03-01,3334.0,239.2,86826.052,261.2,5068.0,74309.6,402.69,250.4,26.0,13.8,1316000.0,14510.415959443253,4860.0,5392.0,45.1,1326536.0,1015.6,5.575096631372506,860.828,30156.0,17.6
2020-04-01,2833.6,220.10000000000002,79652.572,272.0,3700.0,83003.6,383.49,240.4,27.6,13.224,1290400.0,13949.889664471995,4772.0,4200.0,45.1,1326736.0,1028.8,5.576617684697245,869.016,26108.0,38.4
2020-05-01,3094.4,220.10000000000002,79652.572,272.0,4216.0,79508.8,399.5888,243.2,21.6,12.93,1290400.0,13448.909901824898,4720.0,5012.0,45.1,1326740.0,1024.8,5.598044083639204,874.016,28036.0,38.4
2020-06-01,3174.4,220.10000000000002,79652.572,272.0,5064.0,79683.6,418.3972,246.0,15.2,12.65,1290400.0,14468.236751917153,4732.0,5316.0,45.1,1326912.0,1033.6,5.598044083639204,879.32,28680.0,38.4
2020-07-01,3212.4,220.8,86590.56,269.2,6116.0,80766.0,421.8052,246.0,13.6,12.064,1350000.0,15458.203777586355,4804.0,6104.0,45.1,1327180.0,1038.8,5.59095302928259,886.34,28780.0,38.4
2020-08-01,3240.0,226.0,86590.56,269.2,5508.0,78376.8,413.6412,246.8,13.2,11.74,1350000.0,14383.945910171302,4852.0,6256.0,45.1,1327480.0,1038.4,5.59095302928259,896.256,28900.0,33.6
2020-09-01,3275.6,226.4,86590.56,269.2,5852.0,78979.6,406.7384,245.6,13.6,11.56,1350000.0,17356.731865190286,4872.0,6572.0,45.1,1327800.0,1039.2,5.598044083639204,907.268,29024.0,31.6
2020-10-01,3308.8,229.6,88098.008,262.8,6148.0,79034.0,411.296,246.8,13.2,11.336,1434800.0,16258.687361128232,4912.0,6488.0,45.1,1328100.0,1038.8,5.598044083639204,919.32,29240.0,27.6
2020-11-01,3312.0,229.6,88098.008,262.8,6180.0,78441.6,419.1,246.0,16.0,11.06,1434800.0,14412.03283313108,4992.0,6852.0,45.1,1328252.0,1038.0,5.598044083639204,929.348,29268.0,26.8
2020-12-01,3350.4,229.6,88098.008,262.8,6652.0,79100.8,423.176,246.0,16.4,10.736,1434800.0,16488.751359998387,5048.0,7040.0,45.1,1328188.0,1038.4,5.598044083639204,937.56,29420.0,26.8
2021-01-01,3370.0,230.0,90400.74,262.4,6408.0,87043.6,431.1576,245.2,16.0,10.94,1479200.0,15886.11044519659,5128.0,7464.0,45.1,1327968.0,1042.8,5.598787582867897,945.872,29452.0,25.2
2021-02-01,3384.8,230.4,90400.74,262.4,5688.0,81016.0,376.494,245.6,19.6,11.24,1479200.0,15572.101985516252,5144.0,6800.0,45.1,1327872.0,1045.2,5.602126480234142,957.008,29164.0,24.8
2021-03-01,3432.0,231.2,90400.74,262.4,6800.0,97887.2,397.5168,246.0,17.6,12.33,1479200.0,17545.868741339495,5232.0,6924.0,45.1,1328028.0,1044.8,5.601756043730179,976.996,29580.0,24.4
2021-04-01,3417.2,231.6,93169.448,262.0,5936.0,85216.8,410.1524,246.4,18.8,12.24,1530400.0,17240.52850638448,5280.0,6856.0,45.1,1328292.0,1072.0,5.606929663065502,999.424,29624.0,24.4
2021-05-01,3423.2,232.0,93169.448,262.0,6400.0,83598.8,397.1256,246.0,22.4,11.85,1530400.0,15786.073752702563,5352.0,6720.0,39.6,1328576.0,1072.8,5.619019368706317,1021.924,29576.0,23.2
2021-06-01,3431.2,232.0,93169.448,262.0,6644.0,83737.2,386.812,246.8,23.2,11.9,1530400.0,15230.86987864161,5488.0,6576.0,34.8,1328924.0,1073.6,5.619019368706317,1044.824,29600.0,23.6
2021-07-01,3468.8,233.6,95315.892,261.6,6372.0,84626.0,383.3404,247.2,22.8,11.472,1644800.0,16129.538717062052,5548.0,6472.0,37.6,1329432.0,1077.812,5.629221173814938,1062.18,29660.0,21.6
2021-08-01,3494.4,234.4,95315.892,261.6,6304.0,84829.2,383.9388,246.8,26.0,11.37,1644800.0,15429.75325386432,5648.0,7348.0,34.8,1329956.0,1084.772,5.629221173814938,1075.284,29724.0,20.8
2021-09-01,3519.6,235.2,95315.892,261.6,6240.0,84204.8,387.6888,246.8,24.0,11.6,1644800.0,14299.745425868767,5748.0,6544.0,28.8,1330376.0,1086.776,5.629221173814938,1085.896,29888.0,19.2
2021-10-01,3531.2,236.0,98618.412,262.0,6288.0,84805.6,389.094,247.2,27.2,12.27,1694400.0,14679.35713338701,5856.0,6908.0,26.4,1330768.0,1087.908,5.629221173814938,1094.728,30056.0,18.0
2021-11-01,3556.8,237.6,98618.412,262.0,6848.0,85190.8,404.9788,247.6,24.0,12.27,1694400.0,16531.954502330875,5972.0,7100.0,24.8,1331160.0,1082.888,5.653641481494453,1104.1960000000001,30240.0,16.8
2021-12-01,3585.6,238.0,98618.412,262.0,7148.0,85411.6,423.48,248.0,22.4,12.392,1694400.0,15786.073752702563,6104.0,7792.0,24.4,1331504.0,1084.652,5.653641481494453,1114.52,30376.0,15.6
2022-01-01,3611.6,238.8,100116.464,261.6,6676.0,85179.2,411.7988,248.8,23.2,13.780000000000001,1732400.0,14637.088265034788,6212.0,7592.0,16.4,1331672.0,1121.068,5.704617376173275,1128.06,30360.0,16.0
2022-02-01,3642.4,239.2,100116.464,261.6,7084.0,85704.8,407.5,248.8,24.8,15.05,1732400.0,16273.048901024435,6324.0,7268.0,16.4,1331836.0,1127.82,5.730204205302297,1149.032,30676.0,15.2
2022-03-01,3654.4,240.4,100116.464,261.6,6852.0,86042.0,406.0648,249.6,28.0,16.688,1732400.0,16057.871518495931,6524.0,7508.0,13.6,1332224.0,1127.66,5.730204205302297,1180.324,30768.0,14.4
2022-04-01,3673.2,239.6,102177.092,263.6,7212.0,86325.2,391.292,248.8,34.0,19.93,1797200.0,16129.538717062052,6670.0,7180.0,12.4,1332736.0,1149.756,5.741059053624342,1206.912,30792.0,14.4
2022-05-01,3700.4,240.0,102177.092,263.6,6172.0,86628.4,395.3752,249.2,33.2,20.92,1797200.0,17356.731865190286,6670.0,6832.0,12.4,1333268.0,1150.268,5.741059053624342,1226.024,30944.0,14.4
2022-06-01,3685.6,239.6,102177.092,263.6,6244.0,86962.8,402.1468,248.8,38.0,22.088,1797200.0,16575.17845295225,6670.0,6804.0,10.8,1333840.0,1154.088,5.757232222193403,1233.204,30996.0,14.4
2022-07-01,3696.4,239.6,103978.556,264.0,5484.0,87642.0,397.3552,248.4,40.4,21.65,1872000.0,16632.84270027277,6670.0,6632.0,14.0,1334496.0,1186.924,5.757232222193403,1228.544,31092.0,14.0
2022-08-01,3698.0,240.4,103978.556,264.0,6020.0,88097.2,391.8208,249.2,34.8,20.89,1872000.0,16043.545129937283,6670.0,6344.0,12.8,1335196.0,1198.38,5.757232222193403,1214.744,31124.0,14.8
2022-09-01,3698.4,240.4,103978.556,264.0,5852.0,88486.0,395.8884,249.2,38.8,24.448,1872000.0,17240.52850638448,6670.0,6352.0,12.0,1335904.0,1206.2,5.760959343483671,1202.012,31188.0,14.0
2022-10-01,3718.0,240.0,105633.62,263.6,5728.0,88968.8,398.47,248.8,38.8,27.6,1918000.0,15943.326371143574,6670.0,6220.0,12.0,1336564.0,1224.34,5.760959343483671,1194.9080000000001,31256.0,14.8
2022-11-01,3716.0,239.6,105633.62,263.6,5708.0,89070.8,368.2744,248.8,37.6,27.22,1918000.0,18776.975970369203,6670.0,5608.0,13.2,1337148.0,1229.076,5.760959343483671,1187.692,31332.0,14.4
2022-12-01,3737.2,240.4,105633.62,263.6,5428.0,89249.2,369.2344,249.2,34.0,25.456,1918000.0,16546.360175421913,6670.0,5636.0,13.6,1337680.0,1229.78,5.760959343483671,1177.66,31436.0,14.0
2023-01-01,3743.2,240.8,107254.404,264.0,5360.0,90101.2,383.9672,249.6,32.4,25.09,1716000.0,16359.267104518858,6670.0,5416.0,17.6,1338132.0,1289.504,5.823568048482845,1171.396,31540.0,13.6
2023-02-01,3726.8,240.8,107254.404,264.0,5744.0,90593.6,394.0836,250.0,33.6,25.03,1716000.0,19279.618333983293,6670.0,5928.0,18.8,1338548.0,1305.024,5.823568048482845,1173.872,31596.0,14.4
2023-03-01,3726.4,241.6,107254.404,264.0,5520.0,91031.6,373.3568,250.4,32.4,26.176000000000002,1716000.0,18556.008003593764,6670.0,5748.0,20.8,1339012.0,1307.352,5.828520487664639,1189.264,31560.0,14.0
2023-04-01,3712.4,241.6,108252.048,263.6,5392.0,91263.2,369.1172,250.4,30.4,25.37,1674000.0,16921.715341073865,6670.0,5668.0,20.8,1339520.0,1308.388,5.838585919557001,1205.876,31604.0,13.6
2023-05-01,3711.2,241.2,108252.048,263.6,6332.0,91572.4,390.5336,250.4,28.8,25.7,1674000.0,18644.337059632067,6670.0,5984.0,21.2,1340052.0,1316.104,5.838585919557001,1221.708,31704.0,14.8
2023-06-01,3718.0,241.2,108252.048,263.6,5672.0,91766.0,388.1664,250.4,30.0,26.856,1674000.0,18027.674333823525,6670.0,5764.0,19.6,1340652.0,1314.84,5.838585919557001,1233.228,31820.0,14.4
2023-07-01,3690.4,241.6,110494.172,264.0,5804.0,91977.2,378.2308,250.4,28.0,27.36,1724000.0,15743.236496679854,6670.0,5772.0,16.4,1341316.0,1324.724,5.838585919557001,1240.6480000000001,31868.0,14.0
